"Referencia","Designação","Cor","Tamanho","EAN","PVP","Stock","Posição Grelha","Data da exportação"
"079291516-X","Maybach","691","3XL","3559625170537016","€48,07","57","2","2019-04-09 23:39:41"
"321998014-7","Chevrolet","517","3XL","3569976134032075","€43,11","18","3","2019-04-04 06:44:37"
"871131867-8","Volvo","952","3XL","3587952364095429","€44,28","36","2","2019-04-13 05:53:16"
"046500510-1","Mazda","831","XS","5534399909986176","€24,03","125","1","2019-04-03 16:14:13"
"997070958-5","Ford","811","3XL","5602222162649686","€63,62","114","3","2019-04-08 15:25:24"
"304408171-8","Nissan","838","3XL","56109703744040065","€3,51","73","1","2019-04-25 14:31:28"
"037058863-0","Fiat","375","L","3552087660564066","€9,71","51","2","2019-04-07 13:19:19"
"020372825-4","Volkswagen","223","2XL","6389573400007815","€52,69","120","1","2019-04-04 04:12:58"
"559593749-1","Volkswagen","755","M","3577609749916156","€9,40","30","1","2019-04-12 09:17:32"
"807401660-9","Volkswagen","850","XL","201890316038869","€54,52","87","1","2019-04-16 11:57:32"
"764834054-2","Chevrolet","376","XS","5108758712688202","€18,99","54","3","2019-04-14 00:42:34"
"884522987-4","Ford","114","3XL","5010126680145687","€79,91","136","3","2019-05-01 08:38:52"
"544223383-8","Saturn","72","XL","3587482973363067","€97,01","56","1","2019-04-06 01:02:52"
"092360085-X","Subaru","553","3XL","5602254353055076","€34,09","24","3","2019-04-09 19:59:33"
"099306172-9","Mitsubishi","372","M","4936295864520214945","€26,70","62","3","2019-04-10 06:18:07"
"712855701-6","Nissan","550","L","4917620088503445","€43,17","21","1","2019-04-08 05:55:36"
"383269799-3","Ford","804","2XL","3532559172878403","€31,50","85","2","2019-04-15 12:21:19"
"588441602-4","Volvo","72","XS","3567869952626387","€41,90","33","3","2019-04-03 11:17:28"
"910330889-8","Mazda","451","2XL","201400048840010","€68,79","39","1","2019-04-17 14:36:26"
"516988039-1","Isuzu","682","XS","3540942785166954","€2,58","51","3","2019-04-25 00:25:58"
"278009215-7","Lamborghini","100","L","3582955579035804","€4,54","140","2","2019-04-06 13:50:34"
"119437118-3","Chevrolet","574","2XL","3561874334993584","€9,38","102","2","2019-04-26 10:56:08"
"902070978-X","Chevrolet","222","S","3529588838000263","€53,20","117","2","2019-04-04 05:52:44"
"070330087-3","Saab","939","XS","3534864035808136","€45,12","41","2","2019-04-26 14:59:23"
"080231681-6","Mitsubishi","377","3XL","3574789228529655","€82,23","130","2","2019-04-27 15:34:56"
"785399140-1","Suzuki","370","M","36053806807902","€28,34","83","1","2019-04-15 19:17:05"
"657845331-8","Volvo","162","XL","5602250522562240","€42,77","23","2","2019-04-28 21:06:35"
"633689703-6","Ford","827","XL","3549497162949275","€29,53","97","2","2019-04-16 09:01:36"
"549630489-X","Scion","497","XS","5893725178691723952","€1,39","4","2","2019-05-01 19:54:34"
"038940966-9","Mercedes-Benz","149","XS","3545002393078458","€5,01","73","3","2019-04-11 18:54:02"
"308787576-7","Lincoln","284","L","3569500389901634","€93,12","130","1","2019-04-14 02:37:24"
"506080620-0","Porsche","292","S","3532513098481883","€92,09","10","3","2019-04-08 22:10:04"
"944772488-4","Chrysler","852","XS","5602248411669506","€25,19","58","1","2019-04-17 05:13:13"
"629231883-4","BMW","466","3XL","3536344129191408","€87,13","4","3","2019-04-23 07:30:34"
"639987504-8","Aston Martin","59","2XL","56022514694120227","€62,17","68","3","2019-04-25 00:58:12"
"118813553-8","Mitsubishi","388","2XL","3566236085071306","€34,15","117","2","2019-04-01 04:22:15"
"127003761-7","Acura","489","XL","4041594880718","€15,00","87","1","2019-04-26 03:40:56"
"373131515-7","BMW","718","XL","4405639871486740","€37,90","1","3","2019-04-13 23:36:43"
"590700774-5","Ford","101","M","3559783520280926","€18,40","12","1","2019-04-06 19:53:31"
"294364515-X","Toyota","174","S","4508664784922140","€95,41","48","3","2019-04-02 20:03:43"
"361163781-5","Lexus","481","2XL","3556372152888702","€80,21","93","3","2019-04-11 05:02:21"
"518966739-1","Mercury","705","S","6763450102606212997","€80,18","100","2","2019-04-23 13:46:00"
"655513608-1","Acura","462","XL","4405197043878575","€96,32","139","2","2019-04-18 16:57:27"
"041716269-3","Chevrolet","767","M","4508086379493636","€71,29","25","2","2019-04-03 21:22:54"
"440881658-2","Oldsmobile","188","XS","3570614722439942","€51,00","149","1","2019-04-21 12:04:09"
"114013421-3","Ford","561","XL","5100139915526622","€67,59","54","3","2019-04-23 20:18:15"
"912537393-5","Ford","464","XS","3578182849990413","€54,08","70","2","2019-04-25 01:06:18"
"475108019-9","BMW","720","XL","3584919153477079","€82,29","51","2","2019-04-23 14:48:21"
"850829632-0","Hyundai","763","M","3544246015191923","€74,49","90","2","2019-04-09 10:34:49"
"509980187-0","Nissan","826","S","560222698941795367","€51,18","94","1","2019-04-30 11:05:09"
"503088167-0","MINI","541","M","3531540917569284","€12,06","87","3","2019-04-28 21:56:54"
"730480599-4","Chevrolet","896","2XL","6385302754137281","€25,69","82","2","2019-04-11 18:28:02"
"844912569-3","Nissan","67","M","3536971421853044","€89,96","15","2","2019-04-25 23:31:51"
"919190975-9","Volvo","306","2XL","5010128461094845","€49,44","67","3","2019-04-02 09:46:06"
"282628944-6","Pontiac","243","XL","3533043664200292","€66,87","94","2","2019-04-16 18:35:06"
"289860615-4","Mercedes-Benz","980","XL","676351981598052838","€64,59","8","2","2019-04-26 06:53:29"
"274559812-0","Ford","175","2XL","5602242562003812141","€94,33","17","1","2019-04-03 23:02:55"
"889796829-5","GMC","763","2XL","374288606480746","€25,65","105","2","2019-04-17 16:26:45"
"610368503-6","Ford","515","2XL","3544895893383539","€3,56","100","3","2019-04-21 02:35:49"
"357526885-1","GMC","31","2XL","3534629706507303","€58,58","1","2","2019-04-20 12:57:35"
"018036974-1","Lexus","807","S","3561191200187591","€31,65","140","1","2019-04-08 06:50:46"
"564006718-7","Maybach","934","M","5391559002531540","€44,85","5","1","2019-04-17 20:45:32"
"983859907-7","Hyundai","762","2XL","4903442929410683152","€20,87","52","2","2019-04-15 09:38:49"
"607247724-0","GMC","935","3XL","3584424773008123","€24,66","51","3","2019-04-30 07:28:32"
"464047974-3","Porsche","924","2XL","6388773248977838","€62,80","98","2","2019-04-21 00:36:07"
"113966924-9","Chevrolet","548","L","3587453643584143","€23,33","53","3","2019-04-28 13:28:10"
"728389958-8","Mercury","445","XL","3540416706649125","€33,60","135","3","2019-04-25 09:33:21"
"958471368-X","Pontiac","620","S","3580887276194109","€47,08","10","2","2019-04-13 16:52:49"
"416157981-0","Suzuki","925","L","3538636887966733","€97,86","2","2","2019-04-30 23:22:15"
"402665383-8","Pontiac","179","XS","3543949205301811","€42,09","62","3","2019-04-20 18:06:03"
"334171970-9","Volvo","577","S","4405795322752518","€93,27","94","2","2019-04-18 00:23:42"
"642514999-X","BMW","116","2XL","63040738916330827","€76,86","111","2","2019-04-01 05:02:32"
"051662901-8","Isuzu","756","L","4936774297501604","€8,65","75","2","2019-04-25 19:24:08"
"969944660-9","Mercedes-Benz","133","2XL","6763005533692506696","€21,07","78","3","2019-04-09 09:27:05"
"761657713-X","Nissan","647","M","374283949188858","€10,92","26","1","2019-04-01 03:11:13"
"326494367-0","Saturn","231","XS","4917793414965743","€17,15","31","3","2019-04-12 10:51:17"
"681133843-1","Toyota","264","3XL","3555343238684093","€89,80","45","3","2019-04-11 06:05:57"
"692868864-5","Toyota","468","3XL","5602212271605302586","€62,37","123","2","2019-04-29 12:15:42"
"639210593-X","Rolls-Royce","851","XL","3584316566012298","€89,59","132","1","2019-04-09 03:08:51"
"780893219-1","Toyota","617","M","5328115699042859","€49,58","59","1","2019-04-30 10:20:33"
"866499325-4","Honda","668","M","560221286732066221","€50,78","56","2","2019-04-08 23:11:46"
"138959166-2","Porsche","371","3XL","5425443320614355","€47,50","113","3","2019-04-21 19:48:32"
"582465647-9","Buick","29","XL","5610811190422379","€27,08","15","2","2019-04-26 05:46:27"
"139847940-3","Geo","23","3XL","3574267302113050","€75,70","15","1","2019-04-20 00:54:47"
"117096631-4","Chevrolet","448","M","5188204505141250","€69,38","112","3","2019-04-25 13:08:22"
"765935987-8","Ford","910","XL","4017950873174","€61,42","132","2","2019-04-09 10:12:49"
"784108398-X","Mitsubishi","652","M","3547766227751377","€93,84","46","2","2019-04-30 19:30:21"
"538638105-9","Ford","816","L","3586293820522180","€73,64","51","1","2019-04-08 05:53:35"
"116603801-7","Lincoln","971","XS","3530299190661729","€94,88","71","1","2019-04-06 12:44:44"
"581895267-3","Ford","580","XL","5100131146458782","€6,60","35","1","2019-04-13 22:48:22"
"732787726-6","Mitsubishi","887","XL","5010121312411086","€57,63","67","1","2019-04-16 07:32:14"
"925628211-9","Acura","107","3XL","3573674808814753","€9,60","49","3","2019-05-02 03:42:08"
"831930762-7","Pontiac","480","XL","3532157885251131","€98,73","111","2","2019-04-11 02:07:16"
"393366584-1","Porsche","352","XL","6763109942636459869","€25,45","36","3","2019-04-15 03:12:02"
"447676237-9","Scion","769","M","560222908140027672","€90,88","69","3","2019-04-10 19:26:57"
"645848282-5","Pontiac","742","L","3540097210520505","€68,25","64","3","2019-04-18 10:50:00"
"057131001-X","Ford","859","S","5108753112257229","€89,32","108","2","2019-04-23 10:56:34"
"275367915-0","Kia","282","2XL","3584705174427346","€39,30","37","2","2019-04-24 06:51:42"
"996116150-5","Isuzu","385","2XL","5018949212879842","€70,03","48","1","2019-04-17 07:18:30"
"310188581-7","Mercedes-Benz","859","S","3570066640517251","€73,91","77","3","2019-04-27 14:15:13"
"585883257-1","Hyundai","31","3XL","6334285627611465843","€77,04","72","1","2019-04-14 14:51:15"
"210592428-X","Honda","304","XL","3538632090752895","€80,57","53","1","2019-04-17 00:49:36"
"620522823-8","Lexus","307","M","6759530378320598","€18,39","48","2","2019-04-29 21:27:20"
"619859936-1","Mazda","459","3XL","560221167790677606","€88,23","38","2","2019-04-08 15:51:19"
"577116371-6","Infiniti","749","L","675931120339871286","€68,22","40","1","2019-04-27 21:53:53"
"445786358-0","Mercedes-Benz","474","XL","630498743375116884","€33,39","50","3","2019-04-23 17:27:01"
"282453977-1","GMC","257","XS","3547118041248380","€58,28","117","2","2019-04-03 14:56:28"
"658592469-X","BMW","518","2XL","6759555385324036","€14,64","27","2","2019-04-01 22:43:56"
"611372100-0","Lexus","483","S","5602249062025758","€10,04","10","1","2019-04-08 01:04:05"
"417824745-X","Toyota","312","M","3577094603647249","€81,99","13","3","2019-04-08 09:29:09"
"259626073-5","Ford","354","XS","3575549410964238","€16,85","73","3","2019-04-19 16:44:20"
"605139568-7","Suzuki","180","S","5610759480223421","€71,36","9","1","2019-04-22 01:48:03"
"904272889-2","Volkswagen","695","M","3588062206918884","€24,57","39","2","2019-04-27 02:57:08"
"481764411-7","GMC","898","S","5602218188831282","€6,21","26","1","2019-04-07 20:33:10"
"178605655-0","GMC","364","XL","3530633574978657","€39,13","87","2","2019-04-04 23:55:06"
"174358388-5","Ford","420","3XL","4936036451836614481","€37,30","86","3","2019-04-18 17:30:17"
"901169243-8","Subaru","411","XS","5311858653620306","€2,65","124","3","2019-04-20 09:48:10"
"710734261-4","Mercedes-Benz","336","XL","3562726607294307","€94,76","13","1","2019-04-09 14:20:03"
"950980520-3","Buick","526","XS","5007661087447034","€73,52","13","1","2019-04-07 22:22:51"
"908594170-9","Saab","430","M","201772559304192","€32,42","21","3","2019-04-02 01:43:18"
"816679971-5","Saab","57","S","3558547546768292","€52,06","68","2","2019-04-22 19:58:20"
"739240126-2","Chevrolet","566","M","3570084852709052","€9,90","97","2","2019-04-08 01:31:35"
"428926951-6","Lamborghini","866","L","30072927530348","€81,84","80","1","2019-04-04 22:41:52"
"495269072-5","Pontiac","951","2XL","4041373273781686","€6,25","19","1","2019-04-15 22:53:47"
"792171134-0","Ford","447","S","0604759273603392270","€47,18","45","3","2019-04-19 16:07:28"
"874880051-1","Plymouth","557","XS","4508877641646187","€56,30","7","3","2019-05-01 13:55:11"
"170521608-0","Ford","719","2XL","36039870641376","€14,03","39","1","2019-04-10 23:29:49"
"758740880-0","Volvo","449","S","67616717029421827","€24,43","128","3","2019-04-06 07:46:54"
"628506801-1","Bentley","668","L","3584967211264070","€39,96","142","2","2019-04-23 00:31:39"
"156348537-0","Lincoln","85","XL","3582743955115212","€45,87","9","1","2019-04-21 15:28:08"
"496009448-6","Dodge","478","3XL","3556881823375113","€37,38","23","3","2019-04-11 00:04:44"
"604383409-X","Chevrolet","732","XL","30118750269809","€51,40","93","2","2019-04-21 00:41:00"
"974903770-7","Mazda","875","M","4844440644636136","€54,95","94","1","2019-04-14 02:17:02"
"201216712-8","Bentley","189","3XL","677153775398683216","€61,80","88","1","2019-04-25 17:00:52"
"075621541-2","Mazda","677","3XL","3535276494524212","€65,87","33","1","2019-04-23 18:09:41"
"885578473-0","Honda","631","XS","0604986615138924198","€87,58","13","3","2019-04-25 18:01:24"
"548942738-8","Peugeot","70","2XL","3587133446655981","€60,15","41","2","2019-04-08 16:02:44"
"546770124-X","Chevrolet","737","2XL","374283541197919","€19,83","35","3","2019-04-25 23:01:41"
"789138190-9","Hyundai","678","XS","3588581977424970","€81,98","85","1","2019-04-01 02:09:02"
"223099969-9","GMC","662","S","5002354579095942","€14,50","147","1","2019-04-23 23:41:43"
"986411301-1","Chevrolet","302","3XL","675961139072968292","€38,92","46","2","2019-04-12 01:48:44"
"770874474-1","Ford","466","XL","6762707811129525239","€33,92","9","2","2019-04-30 17:56:12"
"206351731-2","Buick","214","XS","5018370469829515","€9,33","88","2","2019-04-27 06:10:58"
"709243918-3","BMW","942","M","630490524296912603","€59,82","43","3","2019-04-16 04:17:21"
"141960863-0","Suzuki","319","M","30280873002010","€48,11","62","2","2019-04-06 15:00:29"
"111095781-5","Mitsubishi","316","XS","201955140892730","€35,00","112","3","2019-04-16 04:08:12"
"259202072-1","Volkswagen","769","M","5164674770245606","€8,66","150","3","2019-05-01 03:58:35"
"156927371-5","Nissan","506","XL","201565953302477","€42,70","44","1","2019-04-13 15:53:57"
"190360089-8","Mercury","423","XL","6761077730285453826","€74,65","133","1","2019-04-21 09:07:45"
"268952951-3","Jaguar","483","2XL","0604412224963824","€99,91","77","1","2019-04-18 20:26:35"
"482691343-5","Chevrolet","102","M","3542858787114388","€20,49","28","1","2019-04-23 17:55:17"
"058577094-8","Ford","759","M","5610214397934421","€89,30","148","2","2019-04-03 22:38:32"
"290611922-9","Pontiac","851","XS","201472143517587","€36,10","55","1","2019-04-04 12:07:56"
"828514094-6","Bentley","225","2XL","5100138797928492","€68,53","6","3","2019-04-08 16:15:15"
"681470962-7","Toyota","974","3XL","201784097121749","€49,89","102","1","2019-04-06 16:59:48"
"143275535-8","Chrysler","693","XS","3556075504739594","€84,79","13","2","2019-04-11 15:05:54"
"669597778-X","Volkswagen","40","3XL","4017957043496656","€15,70","47","3","2019-04-22 02:53:50"
"726762940-7","Toyota","626","2XL","3547498981913239","€9,70","45","3","2019-04-11 09:59:22"
"529121240-3","GMC","754","S","36375037896705","€97,60","102","3","2019-04-18 02:05:19"
"719479847-6","Mitsubishi","253","3XL","201780408071813","€56,32","24","3","2019-04-27 11:00:00"
"983193118-1","Nissan","762","XL","201457736261313","€14,44","33","1","2019-04-19 10:53:06"
"437626614-0","Chevrolet","182","XS","3585707040317676","€7,70","137","2","2019-04-07 05:12:48"
"666754181-6","Pontiac","415","M","3571095952213216","€11,92","70","2","2019-04-26 02:41:53"
"921988618-9","Chevrolet","805","XS","3582322122641093","€5,48","91","3","2019-05-01 01:48:56"
"006925417-6","Land Rover","805","L","3549045595822419","€27,25","46","2","2019-04-01 19:26:39"
"187125053-6","Mercedes-Benz","966","XS","3560797130844936","€51,57","106","3","2019-04-06 12:29:40"
"902725595-4","GMC","435","XS","3548425317173393","€28,20","69","2","2019-04-26 09:22:31"
"096776424-6","Mercury","318","L","3545939469384692","€47,88","81","3","2019-04-09 15:07:11"
"382144236-0","Ford","187","XS","4026408611248920","€1,65","13","3","2019-04-23 14:22:55"
"203215314-9","Suzuki","77","S","3535443580384576","€90,41","86","1","2019-04-12 09:35:08"
"898599885-4","Chrysler","138","XL","6304285434737950","€57,91","118","2","2019-04-20 19:11:46"
"461494479-5","Chevrolet","456","XS","5134093534567394","€66,63","21","1","2019-04-06 05:40:54"
"032768907-2","Oldsmobile","655","M","30141573132442","€1,95","59","1","2019-05-01 08:42:38"
"373402299-1","Ford","264","2XL","6334475564630919","€9,40","130","1","2019-05-02 00:47:50"
"413580428-4","Volvo","114","L","6759525824496324926","€77,62","88","3","2019-04-03 00:39:13"
"409433896-9","Toyota","868","L","6706485268336606929","€18,62","84","2","2019-04-13 01:22:39"
"678565411-4","Chevrolet","704","2XL","3549899689397906","€74,96","30","3","2019-04-06 04:14:21"
"942074456-6","BMW","867","S","3537600469872249","€82,42","12","1","2019-04-07 09:52:47"
"663887363-6","GMC","28","L","5397871518837640","€39,72","111","2","2019-04-08 00:28:01"
"584218849-X","Toyota","565","M","201805742243560","€94,83","138","3","2019-04-19 14:08:53"
"370400293-3","Mitsubishi","834","XS","3559372945682229","€77,90","84","1","2019-04-12 13:37:27"
"564376567-5","Dodge","502","XS","5048374100039728","€10,55","67","1","2019-04-08 06:59:13"
"880040153-8","Lotus","668","2XL","30404338470881","€79,54","136","3","2019-04-05 15:40:17"
"881217447-7","Chrysler","256","2XL","337941510597288","€1,14","37","3","2019-04-13 15:18:14"
"993192627-9","Toyota","139","L","5602222658793170","€88,66","51","1","2019-04-06 07:19:38"
"955333963-8","Cadillac","194","L","3570540156082884","€70,67","47","2","2019-04-13 23:22:04"
"923080415-0","Audi","557","M","3554079206222547","€48,04","58","1","2019-04-05 14:22:52"
"640636257-8","Suzuki","784","XL","3529041555566959","€66,11","42","3","2019-04-16 04:57:57"
"511021483-2","Suzuki","940","2XL","3546269731348591","€42,89","28","2","2019-04-25 09:31:28"
"252956059-5","Saab","352","XS","5610861261490151","€10,14","79","2","2019-04-19 08:24:56"
"518661247-2","Ford","960","L","5602213410765382","€48,75","19","2","2019-04-17 10:31:54"
"473157278-9","Chevrolet","80","L","3531563904581096","€3,86","48","1","2019-04-29 14:52:57"
"357135675-6","Chrysler","978","L","3552827962566511","€1,72","11","1","2019-04-08 12:50:58"
"866129070-8","Mazda","515","2XL","5522692838536706","€95,83","66","3","2019-04-23 17:07:19"
"225191733-0","Lexus","350","XL","3556004099893202","€87,18","35","3","2019-04-06 01:58:59"
"262976964-X","Mitsubishi","98","M","5002356342978569","€6,18","12","1","2019-04-14 23:57:02"
"514613658-0","MINI","757","2XL","5602228299914976","€68,49","49","2","2019-04-27 21:30:42"
"416325661-X","Acura","826","3XL","30527425153703","€62,88","120","1","2019-04-19 23:26:05"
"387598385-8","Toyota","833","L","201425585346337","€87,73","80","1","2019-05-01 18:42:33"
"712239970-2","Audi","270","XS","4911676423113061221","€47,91","83","3","2019-04-04 00:53:18"
"727948181-7","Chevrolet","533","3XL","3572588336301862","€59,85","11","2","2019-04-23 14:02:06"
"718120634-6","Honda","752","S","4041372030239","€75,22","97","2","2019-04-14 10:59:13"
"470228842-3","Lincoln","68","2XL","3565461366508823","€17,32","103","3","2019-04-02 06:35:58"
"564192643-4","Mercedes-Benz","392","3XL","5538985535954988","€32,02","92","3","2019-04-17 06:28:09"
"242005532-2","Aston Martin","351","XL","3541231919810458","€35,22","110","2","2019-04-07 06:16:35"
"580296567-3","Kia","54","XL","3582955823224253","€98,19","90","2","2019-04-28 08:38:44"
"262705669-7","Porsche","931","XL","675974290769199686","€12,86","106","2","2019-04-16 03:51:40"
"371160430-7","GMC","869","XS","3530376311866021","€64,40","22","2","2019-04-15 01:01:05"
"447884743-6","BMW","32","XS","6331106111420001233","€29,12","6","1","2019-04-02 02:30:32"
"748313788-6","Mercedes-Benz","706","XL","6763480755479290","€91,54","17","2","2019-04-06 14:58:27"
"643952090-3","Mitsubishi","762","XS","3553433671126488","€48,68","101","1","2019-04-15 18:25:43"
"079693892-X","Buick","129","XS","5369317329357844","€13,41","96","2","2019-04-26 23:02:47"
"924281629-9","Chevrolet","683","M","3549036580560791","€55,37","84","3","2019-04-06 20:34:07"
"065372946-4","Saturn","842","S","3550562560834878","€24,23","98","2","2019-04-25 12:56:50"
"782450560-X","Hummer","259","XL","56022593433018322","€31,70","115","3","2019-04-08 05:20:23"
"257847292-0","Dodge","43","2XL","3573371068383450","€45,57","95","2","2019-04-10 15:07:47"
"335371657-2","Buick","426","2XL","4026876670904056","€15,69","113","1","2019-04-15 23:07:12"
"935010127-0","Lexus","590","3XL","3542049747606768","€46,69","134","3","2019-05-01 09:39:22"
"273446624-4","Hyundai","933","S","3560591961062605","€38,02","22","1","2019-04-25 03:08:19"
"637946500-6","Hummer","176","L","56022262135901256","€30,78","15","1","2019-04-20 04:24:13"
"477388852-0","Mercury","457","3XL","491184822841410554","€51,78","61","2","2019-04-27 10:42:29"
"170423062-4","Bentley","16","2XL","3546315135549357","€48,37","36","3","2019-04-20 05:23:32"
"134300134-X","Oldsmobile","809","L","3576065918443707","€57,37","91","3","2019-04-23 13:37:32"
"589841964-0","Ford","531","S","0604349102004042","€44,66","66","2","2019-04-16 17:41:48"
"677459082-9","Land Rover","516","L","4415479360594532","€23,16","80","1","2019-04-17 17:33:42"
"544708654-X","Mercedes-Benz","244","2XL","30210614795598","€41,19","6","1","2019-05-02 00:53:13"
"350236409-5","Buick","4","M","3541463843902131","€10,25","100","3","2019-04-21 06:09:21"
"031254267-4","Volvo","705","XS","5266348317580083","€81,65","44","3","2019-04-27 21:10:41"
"446372200-4","Ford","703","2XL","4041594878456","€32,44","8","1","2019-04-14 10:53:58"
"760265390-4","Chevrolet","798","XL","201869514892913","€27,75","142","3","2019-04-19 14:48:05"
"626904002-7","Kia","924","S","3584026634434685","€16,26","40","2","2019-04-06 19:30:08"
"788097084-3","Porsche","584","3XL","6395452679304819","€25,69","79","2","2019-04-21 17:58:40"
"918032429-0","Mercury","270","S","50389810028594685","€92,06","27","2","2019-05-01 21:50:30"
"520541721-8","Audi","941","3XL","3559595102590773","€73,53","98","2","2019-04-11 19:32:52"
"569557941-4","Mitsubishi","763","XL","3567986878031649","€16,01","75","3","2019-04-08 17:35:07"
"284958540-8","Kia","280","M","30560697977293","€42,88","9","1","2019-04-02 07:24:55"
"170548938-9","GMC","849","3XL","3544085830511844","€38,78","107","1","2019-04-28 19:36:26"
"121644854-X","Infiniti","397","L","3576192218026378","€5,70","31","2","2019-04-19 19:33:36"
"733262286-6","Mercedes-Benz","702","2XL","67098921946712907","€24,23","144","3","2019-04-20 02:15:57"
"300695016-X","Porsche","126","M","4508182500972349","€38,46","116","3","2019-04-12 11:02:40"
"854844885-7","Pontiac","611","XL","36858793134882","€44,30","51","3","2019-04-19 03:04:14"
"508467045-7","Nissan","775","M","3554035131591281","€59,54","42","2","2019-04-16 21:19:34"
"771693932-7","Volvo","325","L","201665208531902","€73,54","71","1","2019-04-01 22:04:13"
"724961542-4","Dodge","869","L","3542289735108407","€2,39","110","1","2019-04-07 04:40:13"
"417005741-4","GMC","295","S","3539013993698817","€73,79","125","3","2019-04-04 12:57:54"
"398053139-2","Toyota","283","S","6375084536930785","€54,63","87","2","2019-04-13 05:36:47"
"178927554-7","Volkswagen","15","S","3529848388438713","€92,53","6","2","2019-04-26 20:34:34"
"893095323-9","Isuzu","787","2XL","3583680485149189","€19,22","74","1","2019-04-22 12:21:55"
"114202185-8","Mitsubishi","440","XS","5594837085831697","€13,16","133","3","2019-04-17 07:27:39"
"654041915-5","Ford","542","S","3557069159453196","€50,21","41","2","2019-04-24 03:06:18"
"437970559-5","Spyker","931","L","5007662384742663","€13,14","93","2","2019-04-05 04:31:13"
"730824163-7","Land Rover","11","3XL","3531689837653700","€99,28","133","3","2019-04-17 15:53:18"
"537915601-0","Chevrolet","212","S","3533002113597526","€50,20","37","1","2019-04-03 07:44:52"
"949786051-X","Acura","851","2XL","3575464286698284","€26,88","141","1","2019-04-05 17:06:20"
"408661442-1","Porsche","972","XL","337941981779985","€96,16","44","1","2019-04-22 23:50:05"
"032234802-1","Honda","299","XL","5010120027279770","€49,79","88","2","2019-04-22 20:42:58"
"640466385-6","Volvo","634","2XL","4405679346507498","€55,55","45","1","2019-04-19 15:38:37"
"829496515-4","Plymouth","548","2XL","4844646008843452","€29,15","18","3","2019-04-21 18:24:44"
"565420302-9","Nissan","369","S","6304369746901700","€55,65","140","1","2019-04-06 06:55:50"
"606868895-X","Dodge","292","3XL","346873906431245","€14,22","116","3","2019-04-11 18:13:07"
"167337829-3","Chevrolet","373","L","5108757216363494","€42,67","14","2","2019-04-14 07:00:00"
"871004620-8","Ford","859","S","3554335673913228","€73,75","131","3","2019-04-30 01:41:55"
"499403520-2","Toyota","883","S","201844964056905","€91,11","97","3","2019-04-05 18:20:52"
"491480290-2","Ford","722","2XL","3534871082110688","€10,84","15","2","2019-04-06 19:27:50"
"607823920-1","Plymouth","71","XS","63045964868369622","€31,71","119","3","2019-04-05 23:15:53"
"395302589-9","Oldsmobile","556","XL","5048375928809168","€74,09","46","2","2019-04-10 12:23:10"
"357570826-6","Buick","427","3XL","3534852047060267","€41,57","50","2","2019-04-20 01:28:59"
"681199049-X","Volkswagen","403","S","30343772524714","€81,16","147","3","2019-04-10 20:05:13"
"209335999-5","Ford","59","S","343671756722744","€16,14","138","3","2019-04-12 07:16:41"
"099050576-6","Mazda","356","XL","5100141521029207","€84,32","82","2","2019-04-25 01:33:37"
"689684829-4","Saturn","304","M","5570113532145356","€44,52","29","1","2019-04-13 13:33:12"
"378218413-0","Audi","807","M","3529493747913005","€62,01","111","1","2019-04-20 03:22:49"
"277738012-0","Pontiac","333","M","30284930010321","€92,03","116","3","2019-04-17 06:07:41"
"275854732-5","Volvo","938","XS","3576921803815096","€60,48","137","2","2019-04-13 14:45:45"
"598768437-4","Lexus","652","L","30080819758455","€39,86","22","3","2019-04-17 16:53:42"
"437543141-5","Chevrolet","663","2XL","5007662818993304","€29,18","22","3","2019-04-08 07:24:26"
"853771828-9","Toyota","827","XL","56022289745400411","€51,71","10","1","2019-04-02 08:20:56"
"833584280-9","Dodge","863","XS","337941616357447","€4,03","98","2","2019-04-29 15:07:33"
"944801056-7","Volkswagen","458","2XL","3542992723461312","€80,24","43","3","2019-04-13 14:18:56"
"092091030-0","GMC","220","XS","201451797902113","€15,60","70","3","2019-04-25 23:56:23"
"663689440-7","Toyota","423","2XL","67638573039688010","€93,80","89","1","2019-04-21 07:03:00"
"048331016-6","Ford","380","XS","30464950047045","€15,22","29","1","2019-04-08 19:16:45"
"188313643-1","Oldsmobile","134","3XL","3552732788742074","€29,63","96","1","2019-04-22 00:12:49"
"757110671-0","Buick","848","3XL","5010126166104349","€60,66","114","1","2019-04-16 06:23:40"
"854069355-0","GMC","96","3XL","3576198454719352","€18,43","108","3","2019-04-24 11:08:21"
"755857012-3","Mercury","147","2XL","30209126055855","€71,33","50","1","2019-05-01 16:09:11"
"617637647-5","Lincoln","150","L","5383859701432689","€32,35","118","2","2019-04-09 03:09:08"
"941715238-6","Ford","525","M","670969225045796176","€81,10","111","3","2019-05-01 02:53:18"
"366077210-0","Buick","590","XS","3549409275294556","€69,47","56","1","2019-04-02 09:57:48"
"222998207-9","Ford","152","2XL","3561592233448746","€69,25","37","2","2019-04-12 04:53:34"
"855780745-7","Hummer","469","S","5100178649748953","€86,55","143","3","2019-04-14 10:59:42"
"953700941-6","GMC","151","S","6709221527475572041","€83,79","10","1","2019-04-10 11:12:52"
"440504091-5","Acura","556","3XL","374074466721340","€23,65","79","2","2019-04-08 20:43:01"
"588915703-5","Kia","411","M","3571398795566984","€55,16","49","2","2019-04-26 05:35:51"
"332638907-8","Lincoln","72","M","3585497769631065","€95,59","2","1","2019-04-26 06:16:20"
"072724210-5","Honda","758","2XL","4903674460314135585","€4,40","16","2","2019-05-02 20:05:58"
"846824214-4","GMC","267","S","345984381202547","€90,30","118","2","2019-05-01 21:59:09"
"128617871-1","Kia","150","L","6394275550485642","€2,18","70","2","2019-04-05 11:53:57"
"832647538-6","Mercedes-Benz","9","XS","5532175155619360","€63,40","41","1","2019-04-07 12:03:25"
"281225588-9","BMW","790","2XL","3565004476733921","€80,30","78","1","2019-04-24 15:00:06"
"961102651-X","Jeep","992","XS","5010123191359329","€85,34","123","1","2019-04-24 12:51:29"
"897802158-1","Toyota","577","2XL","3569429538179530","€74,59","117","3","2019-04-01 17:55:56"
"177376977-4","Volvo","170","M","3567735050030949","€94,44","22","3","2019-04-12 05:26:13"
"052754437-X","Hyundai","299","XS","3538842874184393","€95,39","16","3","2019-05-02 09:24:07"
"409445907-3","Kia","705","XS","30255744569256","€47,20","91","2","2019-04-30 14:59:34"
"300428979-2","Jeep","17","L","5020532110680383","€23,27","4","2","2019-04-19 01:49:02"
"117810259-9","Ford","828","M","340317055671637","€82,72","5","1","2019-04-30 22:56:31"
"385335865-9","Porsche","672","XL","5100170478140964","€23,69","105","3","2019-04-11 00:46:43"
"467258973-0","Pontiac","605","M","3586433260113930","€75,50","63","3","2019-04-13 21:26:09"
"686092287-7","Chevrolet","254","S","3547035302337944","€67,03","123","2","2019-04-21 16:08:26"
"717556354-X","Lamborghini","645","XL","3583539025122256","€86,48","62","3","2019-04-01 19:32:59"
"738927103-5","Subaru","991","L","3576771106661527","€20,34","99","3","2019-04-21 23:19:00"
"164703084-6","Infiniti","207","M","4917069100483147","€82,23","120","3","2019-04-27 06:38:15"
"763792206-5","Plymouth","400","S","4903739745293699","€21,59","111","3","2019-04-04 08:12:45"
"751641446-8","Cadillac","601","S","589322575200743494","€77,96","135","3","2019-04-23 15:25:30"
"363919155-2","GMC","666","S","6333526222014829919","€22,48","38","3","2019-04-25 07:56:22"
"163184204-8","Audi","542","2XL","201502599417518","€72,82","74","3","2019-04-17 01:44:20"
"875352429-2","Jaguar","156","2XL","4175009304151600","€11,60","5","2","2019-04-10 06:03:56"
"049274972-8","Suzuki","496","L","30194950156526","€30,57","95","3","2019-04-04 14:51:22"
"322549098-9","Suzuki","137","2XL","6767684215214868379","€87,59","74","1","2019-04-29 08:02:03"
"493730824-6","Lotus","518","M","5602249264678917080","€92,14","51","2","2019-04-08 21:00:57"
"681852601-2","Hyundai","761","M","4905587266070782","€45,06","12","1","2019-04-21 01:38:11"
"760116058-0","BMW","294","XL","5010129930693746","€18,87","49","2","2019-05-02 00:21:09"
"003462258-6","MINI","231","L","374622790442569","€54,90","42","3","2019-04-17 13:14:31"
"787253952-7","MINI","268","L","3547096311374252","€81,29","55","1","2019-04-01 22:21:27"
"454477368-7","Jaguar","464","3XL","3559093902517808","€67,97","123","2","2019-04-28 08:22:49"
"104440976-2","Hyundai","832","2XL","374622969685246","€30,28","122","3","2019-04-27 09:52:13"
"267108713-6","Ford","677","M","201974936909475","€65,46","76","1","2019-04-29 10:55:58"
"466708859-1","Nissan","136","L","3542559574377150","€30,46","15","2","2019-04-18 23:55:11"
"303734342-7","Acura","840","2XL","5893032685980692","€82,03","111","1","2019-04-07 17:43:50"
"561315772-3","Volkswagen","550","L","6394927666353433","€35,22","45","1","2019-04-17 08:28:26"
"785525330-0","Cadillac","335","XL","4405717485799037","€71,60","64","3","2019-04-17 13:25:46"
"263904690-X","Spyker","887","XL","3585536316558345","€5,14","142","3","2019-04-04 11:28:43"
"495703822-8","Land Rover","175","XL","3575591769893550","€56,30","51","2","2019-04-16 11:02:44"
"615024013-4","Infiniti","120","XS","3543438102137130","€25,93","126","2","2019-04-18 19:00:30"
"745142930-X","BMW","538","XS","3564656863561099","€56,62","53","2","2019-04-24 10:11:00"
"030206859-7","Volkswagen","934","2XL","6763153139563717113","€72,09","117","1","2019-04-29 05:50:22"
"560944114-5","Pontiac","158","M","589381997987455811","€68,26","72","2","2019-04-11 21:36:37"
"340534637-1","Ram","901","M","3555551596644570","€91,09","98","3","2019-04-28 15:42:09"
"918171749-0","Ford","219","XS","3539730288174846","€95,96","137","2","2019-04-14 01:15:20"
"602052344-6","Porsche","614","L","201662621137565","€57,46","92","2","2019-04-19 11:37:24"
"080648675-9","BMW","591","3XL","5007667401111362","€73,82","104","1","2019-04-18 12:36:11"
"638418445-1","Buick","38","3XL","3557549905677610","€79,33","141","1","2019-04-06 21:09:02"
"880072213-X","Ford","102","M","201490409517687","€71,18","25","3","2019-04-11 23:25:29"
"336596762-1","Cadillac","310","XS","3568213417052443","€30,64","96","1","2019-04-10 20:33:41"
"079070201-0","Lincoln","220","3XL","5610139501070921","€21,86","77","1","2019-05-02 01:14:49"
"349975211-5","Subaru","589","XL","30140344853617","€19,98","64","3","2019-04-15 05:58:02"
"600245621-X","Mazda","657","XS","3541432090456562","€39,01","37","3","2019-04-01 22:48:23"
"335306032-4","Kia","557","3XL","5288682263330695","€54,52","54","1","2019-04-14 10:02:43"
"550305377-X","GMC","352","2XL","3562823654726990","€20,63","114","3","2019-04-18 12:46:20"
"665223775-X","Pontiac","146","M","5100171865798612","€97,54","104","3","2019-04-06 13:04:02"
"769657172-9","Isuzu","429","M","3536889581163303","€14,28","32","1","2019-04-18 11:58:53"
"256968011-7","Buick","390","XS","6706294594390568197","€39,19","29","3","2019-04-06 06:47:14"
"543205623-2","Jaguar","226","M","4911578361234831784","€55,89","81","1","2019-04-11 14:28:56"
"063998989-6","Nissan","72","3XL","3564928210959148","€20,03","104","3","2019-04-08 09:48:53"
"141147200-4","Subaru","112","XL","3576620117280183","€4,12","71","2","2019-04-17 19:47:46"
"916195784-4","Mitsubishi","440","L","3531146774753530","€6,02","108","2","2019-04-05 23:57:24"
"817968161-0","Isuzu","950","L","675939432484208954","€97,74","20","2","2019-04-29 11:33:25"
"914542938-3","Nissan","867","XL","4017957014939","€50,29","132","1","2019-04-05 19:46:14"
"419956951-0","Toyota","974","2XL","3581115214651330","€76,78","113","1","2019-05-01 02:11:04"
"209829500-6","GMC","824","3XL","3574910235119658","€49,67","78","1","2019-04-23 01:20:10"
"415714390-6","Lamborghini","559","S","3561946161045207","€10,13","27","3","2019-04-09 04:57:21"
"128150256-1","Honda","256","2XL","6331109136126306989","€79,78","36","1","2019-04-15 16:39:58"
"881863459-3","Chrysler","929","M","6762381931525387035","€2,43","54","2","2019-04-01 05:35:43"
"612849700-4","BMW","487","3XL","3572706096555754","€19,22","114","1","2019-04-15 15:45:10"
"506560929-2","Subaru","999","S","6386159862961914","€32,46","38","1","2019-04-29 04:34:18"
"736121474-6","Mercury","547","2XL","5148281188148777","€93,35","85","2","2019-04-28 23:16:49"
"411232923-7","Pontiac","881","XL","3558932650709623","€0,69","33","1","2019-04-29 19:46:37"
"283275239-X","Chevrolet","267","S","5602229724703679","€71,21","86","2","2019-04-12 22:19:40"
"740666517-2","Nissan","642","3XL","633110790284513257","€26,51","30","3","2019-04-14 01:53:14"
"619137256-6","Mitsubishi","607","XL","5602242397866343","€46,02","2","2","2019-04-17 22:20:23"
"181116951-1","Mercury","786","S","4041371966314062","€8,08","31","2","2019-04-12 15:46:26"
"513925680-0","Acura","449","S","3564941120741233","€7,52","148","3","2019-04-30 05:27:59"
"992705768-7","BMW","67","M","201667984606593","€69,24","147","3","2019-04-26 08:10:16"
"217140665-8","Volvo","460","M","4936690040350695","€59,97","30","2","2019-04-10 22:02:34"
"615516064-3","Saab","182","XS","3539762936860435","€92,45","114","1","2019-04-14 08:41:38"
"274547880-X","Toyota","155","M","3587821609469352","€22,20","44","1","2019-04-10 15:16:50"
"951573313-8","Rolls-Royce","541","M","3548854649330001","€35,09","84","1","2019-04-30 07:58:09"
"453929739-2","Chrysler","171","3XL","4508206990146195","€4,72","75","1","2019-04-15 00:34:56"
"420123100-3","BMW","273","S","5602220506317531","€52,80","67","2","2019-04-18 18:14:46"
"552412349-1","Chevrolet","496","S","5038663254691580019","€78,12","72","1","2019-04-09 05:38:13"
"775924610-2","Subaru","211","M","3552886879534343","€25,21","57","2","2019-04-13 19:17:50"
"960770418-5","Ford","371","XL","6762469905105232295","€45,56","56","3","2019-04-19 08:40:55"
"488738427-0","Toyota","547","XS","630403045571099268","€18,29","111","3","2019-04-17 08:03:10"
"689913198-6","Lincoln","740","3XL","560224993858738130","€40,87","150","2","2019-04-10 08:43:31"
"206361122-X","GMC","701","3XL","3573527574466218","€13,11","2","1","2019-04-17 23:13:25"
"835796748-5","Hyundai","907","L","5222342615595037","€95,17","105","2","2019-04-17 07:19:28"
"815639602-2","Volkswagen","742","L","56022463265046603","€57,10","119","3","2019-04-25 08:59:57"
"236347439-2","Volkswagen","317","S","3580889864873847","€14,29","125","1","2019-04-23 15:55:52"
"211480641-3","Audi","77","L","491147655757614918","€34,28","106","3","2019-04-16 00:35:04"
"320805493-9","Volkswagen","292","L","374283388579740","€84,72","35","1","2019-04-26 20:07:38"
"430558690-8","BMW","329","XL","340253710151592","€59,42","133","1","2019-04-01 19:29:01"
"229523919-2","Dodge","915","L","501899324618786979","€61,44","48","2","2019-04-04 16:29:48"
"007616740-2","Cadillac","719","L","3588342139697247","€9,02","128","2","2019-04-26 01:51:09"
"995944904-1","Isuzu","319","XL","3587535495494676","€36,48","55","1","2019-04-26 09:46:24"
"884063346-4","Pontiac","272","S","3548511375072039","€38,67","54","2","2019-04-09 11:05:21"
"403348889-8","Dodge","443","L","5010126004300422","€4,32","102","2","2019-04-28 20:36:12"
"524997583-6","Audi","966","L","5893454501610495","€90,50","72","3","2019-04-20 01:22:58"
"742915829-3","Lamborghini","752","2XL","3587520705858076","€10,55","99","3","2019-04-01 20:05:12"
"704054205-6","GMC","96","2XL","374288324209518","€78,63","86","2","2019-04-18 11:56:07"
"602244736-4","Toyota","386","XS","6334935614343102","€25,78","49","1","2019-04-04 21:46:24"
"317452114-9","Buick","869","2XL","3563073118473065","€46,54","51","2","2019-04-10 15:11:54"
"568102328-1","Chevrolet","820","2XL","5048371374807566","€39,60","20","2","2019-04-04 09:54:23"
"453001885-7","Infiniti","446","2XL","3576304074024815","€71,93","131","2","2019-04-24 19:26:02"
"334960778-0","Mazda","941","S","3563215106399204","€70,11","74","3","2019-05-01 17:06:09"
"611789796-0","Toyota","297","XL","3533390290317408","€32,46","12","2","2019-04-06 12:40:06"
"527481969-9","Pontiac","635","L","30341948773504","€31,43","49","1","2019-04-15 03:21:16"
"051596442-5","Volvo","596","XL","201875404518344","€0,32","73","2","2019-04-07 12:32:31"
"097871426-1","Pontiac","643","3XL","201898767330123","€80,98","65","1","2019-04-06 05:11:04"
"342188808-6","Audi","411","3XL","3559476669381437","€21,70","74","3","2019-04-20 20:51:49"
"475472741-X","Isuzu","534","XS","4041595522806","€58,99","13","1","2019-04-09 09:20:27"
"792646017-6","Buick","791","2XL","4913720843666836","€47,20","33","2","2019-04-10 16:35:55"
"214439752-X","Subaru","29","XS","5602257029690143","€12,09","131","3","2019-04-08 15:57:43"
"751675838-8","Hyundai","670","L","3584452792276181","€50,20","119","3","2019-04-08 12:25:40"
"525373447-3","Toyota","532","L","5298072180963919","€45,68","28","2","2019-04-02 15:12:14"
"849489070-0","Dodge","758","2XL","3577132937111084","€9,13","87","3","2019-04-07 22:04:58"
"941052954-9","Dodge","533","S","4405138933966427","€64,28","10","3","2019-04-04 00:44:45"
"781333900-2","Infiniti","226","XL","5610846975506384","€69,84","147","2","2019-04-06 20:42:33"
"943242010-8","Acura","220","S","5641826397997109317","€23,53","57","3","2019-04-04 20:43:06"
"666388907-9","Hyundai","926","XS","3547670891187746","€64,40","22","2","2019-04-30 13:37:19"
"156751780-3","Pontiac","89","S","6379554769466935","€64,80","34","1","2019-04-26 03:58:32"
"712869838-8","Jeep","807","L","5327221252940611","€52,13","5","1","2019-04-29 22:20:59"
"286290407-4","Jeep","386","2XL","5602233231478890","€50,32","88","1","2019-04-13 16:19:06"
"522591634-1","Audi","900","M","30347852588952","€42,53","75","1","2019-04-30 06:55:48"
"762857758-X","Dodge","471","XL","4917781341735628","€28,31","136","3","2019-04-26 01:22:25"
"546998901-1","Subaru","106","XL","3540188945483497","€21,94","95","2","2019-04-19 21:10:18"
"676327783-0","BMW","475","3XL","4844148360112584","€32,29","134","2","2019-04-13 17:24:03"
"785439325-7","Mercury","172","M","3563818279238529","€66,42","112","1","2019-04-24 16:36:37"
"084209620-5","Scion","695","3XL","6771338441964416100","€15,98","20","1","2019-05-02 12:35:33"
"084607729-9","Volvo","666","XS","3536801306183573","€34,31","128","2","2019-04-28 05:07:49"
"260021018-0","Mercedes-Benz","148","S","3588240171648500","€99,66","27","3","2019-04-12 02:26:03"
"905636830-3","Lincoln","448","3XL","6709473167547355","€87,90","73","2","2019-04-01 12:27:40"
"187753732-2","Infiniti","790","S","3574112477782687","€79,63","38","1","2019-04-16 12:46:23"
"298297642-0","GMC","954","3XL","5610396711092752","€11,60","24","2","2019-04-25 08:04:53"
"077188928-3","Pontiac","558","XL","30095594258752","€19,46","143","3","2019-04-07 11:51:03"
"886571662-2","Dodge","19","3XL","5448528174426899","€65,86","64","1","2019-04-23 16:12:56"
"493851261-0","Isuzu","675","2XL","3530021299788801","€2,49","39","3","2019-04-15 03:38:33"
"731756503-2","Buick","269","S","3561292090075449","€94,84","14","3","2019-05-01 11:25:51"
"898127527-0","Kia","381","L","06042128575085424","€8,66","99","1","2019-04-15 16:59:52"
"392932747-3","Suzuki","143","S","4041592907654809","€84,88","45","3","2019-04-11 19:32:05"
"352964150-2","Land Rover","212","3XL","6334491547113279","€49,29","53","3","2019-04-27 03:45:17"
"456923049-0","Audi","985","S","4844543844913419","€86,53","133","1","2019-04-10 22:16:39"
"649642344-X","Honda","703","3XL","58935850426943334","€6,02","94","2","2019-04-18 05:11:39"
"790270920-4","Acura","120","XL","374283039336086","€24,81","143","3","2019-04-16 16:41:08"
"983055539-9","Infiniti","916","L","4905022054317880","€54,59","107","1","2019-04-05 07:37:13"
"537646161-0","Isuzu","92","XL","4405444303249075","€46,10","111","3","2019-04-08 07:34:02"
"378626035-4","BMW","477","L","3557838537655486","€22,34","64","3","2019-04-13 10:24:34"
"692954198-2","Suzuki","223","M","5529988217084232","€51,60","72","1","2019-04-15 22:57:49"
"944461086-1","Mercury","673","2XL","30414867653112","€14,33","47","3","2019-04-18 11:52:39"
"573667787-3","Mitsubishi","789","3XL","3570589981213834","€20,13","133","2","2019-04-19 07:41:24"
"694663310-5","Alfa Romeo","262","L","5020868943592085612","€44,34","44","3","2019-04-13 12:10:34"
"714518015-4","Hyundai","242","2XL","3575530089090851","€75,13","120","1","2019-04-22 10:43:51"
"395932284-4","Lexus","415","XL","3585325583930142","€52,59","66","1","2019-04-28 17:24:36"
"959197120-6","Pontiac","228","L","3565268660375597","€61,56","61","2","2019-04-08 20:00:06"
"414474736-0","Volvo","109","L","201670996915689","€17,16","88","3","2019-04-17 07:46:24"
"987938180-7","Buick","656","L","6706712588364112192","€96,57","41","1","2019-04-10 16:04:05"
"140205537-4","GMC","173","M","30536928799953","€17,12","82","2","2019-04-12 17:33:36"
"031095912-8","Saab","125","S","490367821804087871","€64,08","66","1","2019-04-05 05:53:44"
"791858414-7","Chevrolet","640","3XL","3552381816505424","€75,38","134","3","2019-04-12 10:10:07"
"720144931-1","Chevrolet","837","2XL","201966837821510","€71,79","42","2","2019-04-09 06:06:35"
"958063173-5","Oldsmobile","196","L","3579568653900077","€66,57","37","2","2019-04-18 22:36:19"
"596312559-6","Jaguar","143","L","5100173604346216","€8,37","60","1","2019-04-10 18:13:30"
"472712259-6","Mitsubishi","191","3XL","3544279963762932","€53,78","82","2","2019-04-18 06:22:34"
"719778213-9","Mazda","599","XL","3545269989806176","€2,24","74","2","2019-04-07 20:58:57"
"040532106-6","Kia","764","L","633439564329556355","€35,97","114","1","2019-04-19 05:02:35"
"707824357-9","Mitsubishi","397","XS","3588673030489601","€74,08","73","3","2019-04-20 11:58:11"
"652328707-6","Mercedes-Benz","789","XL","56022595212006659","€33,97","45","3","2019-04-15 20:19:00"
"573283314-5","BMW","798","XS","6333635684042202146","€90,59","10","3","2019-04-26 01:22:55"
"877533018-0","Dodge","478","XL","3541509991907858","€68,68","129","1","2019-04-28 03:11:52"
"113141864-6","Honda","601","L","676336343316759188","€85,84","135","1","2019-04-03 18:12:29"
"455401200-X","Land Rover","835","XL","3569989587868135","€58,79","42","2","2019-04-25 21:05:03"
"661413063-3","Honda","375","2XL","374622884144659","€90,27","98","2","2019-04-08 05:45:59"
"689562296-9","Honda","958","S","3531832643100769","€80,16","66","2","2019-04-17 20:27:34"
"879361254-0","Dodge","460","2XL","3570256700305321","€26,08","96","1","2019-04-20 14:48:14"
"967736102-3","Pontiac","625","2XL","5602231089824340774","€17,11","119","3","2019-04-26 11:18:03"
"090648000-0","Buick","309","XL","3574402772079180","€3,98","105","1","2019-04-17 17:06:41"
"514218645-1","Porsche","358","3XL","3576146422964121","€60,04","91","2","2019-04-25 09:55:39"
"912193777-X","Honda","373","M","5602249327630095590","€35,28","125","2","2019-04-20 12:25:06"
"719903274-9","MINI","394","3XL","3555438476542506","€43,74","91","1","2019-04-05 19:44:10"
"770360074-1","Pontiac","365","L","4903000982884914102","€56,91","2","2","2019-04-18 01:25:10"
"252330023-0","Lexus","86","S","5444555299794574","€56,09","82","3","2019-04-10 20:18:10"
"867992368-0","BMW","141","2XL","5602243229598773","€93,63","89","2","2019-04-25 15:46:49"
"404012197-X","Jeep","420","XL","5602259262356861","€36,61","96","3","2019-04-09 09:55:12"
"861886825-6","Dodge","106","XS","502079164648185572","€57,37","58","2","2019-04-14 15:30:37"
"928402809-4","Volkswagen","898","L","340286138614668","€66,88","109","2","2019-04-05 14:50:05"
"148672543-0","Chevrolet","292","2XL","6331101701432192122","€41,44","58","2","2019-04-05 23:45:16"
"812083642-1","Audi","760","2XL","6771215993578470822","€46,05","141","2","2019-04-26 05:43:16"
"384004593-2","Lincoln","507","XS","3547793248127452","€61,38","17","3","2019-05-02 08:07:00"
"746867566-X","Saab","17","M","5602231109473712","€56,73","64","2","2019-04-14 12:12:21"
"874109178-7","Chevrolet","748","M","3548652800736796","€28,52","53","1","2019-04-21 16:50:38"
"375664840-0","Audi","647","3XL","4905419652471846948","€17,81","142","2","2019-04-21 18:01:22"
"775406711-0","Suzuki","594","XS","201501672277468","€90,99","148","2","2019-04-16 04:33:59"
"179877732-0","Ford","665","M","6709497906784300","€76,96","65","2","2019-04-14 15:49:22"
"543568057-3","Pontiac","299","M","30120137190054","€85,50","106","1","2019-04-23 07:13:54"
"909781800-1","Chevrolet","830","M","36434499234200","€29,05","44","3","2019-04-28 21:10:50"
"044700252-X","Infiniti","77","2XL","67637917909477155","€11,64","59","3","2019-04-06 23:02:40"
"489340416-4","Ford","931","2XL","3584972062761380","€54,56","24","1","2019-04-20 01:57:40"
"980213996-3","Pontiac","370","2XL","6331109925707164","€0,89","115","3","2019-04-21 23:43:59"
"211141925-7","Scion","482","XS","4175000141713033","€42,27","13","2","2019-04-02 17:30:35"
"918378986-3","Suzuki","687","3XL","56022546807989643","€98,75","56","1","2019-04-02 06:43:56"
"752949025-7","Volkswagen","385","3XL","3557548841740573","€14,15","81","1","2019-04-01 19:48:52"
"447212967-1","Oldsmobile","333","2XL","30225577292458","€54,19","88","2","2019-05-01 04:35:02"
"596839396-3","Hyundai","381","XS","67719084685342433","€23,69","9","1","2019-04-18 17:51:56"
"526299559-4","Mazda","619","M","30486983600409","€90,45","83","3","2019-04-06 17:55:07"
"998979725-0","BMW","703","XS","3582467902078352","€82,09","48","1","2019-04-14 10:41:37"
"808172627-6","Maserati","441","XL","4845899830354","€64,31","29","3","2019-04-28 19:01:56"
"196326960-8","BMW","803","3XL","4041379280575383","€82,91","124","3","2019-04-19 17:23:25"
"643799081-3","Honda","714","M","6388644064295706","€35,80","43","2","2019-04-08 00:24:07"
"550650171-4","Bentley","353","S","67618056637537148","€48,78","42","3","2019-04-10 21:31:03"
"839603289-0","Saturn","7","3XL","3563539954171567","€29,86","98","3","2019-05-02 08:26:41"
"073287207-3","Lamborghini","996","L","6396039774773128","€17,60","91","1","2019-04-26 02:16:57"
"758120663-7","Cadillac","354","L","4272296554737","€2,18","7","1","2019-04-13 08:57:38"
"396465820-0","Porsche","265","XL","5602222231956492","€84,92","62","1","2019-04-12 21:25:13"
"846197184-1","Audi","385","2XL","5602211566194415","€31,43","26","3","2019-04-13 09:39:02"
"230335314-9","Pontiac","412","XL","3577014458565825","€90,42","88","2","2019-04-25 16:46:52"
"843004600-3","GMC","989","XS","589321773774270058","€16,52","115","1","2019-04-25 01:08:03"
"134092735-7","Ford","227","S","5203733914805239","€80,56","147","2","2019-04-06 14:52:05"
"075213218-0","Ford","453","L","337941273850486","€34,11","67","3","2019-04-30 21:12:04"
"429790916-2","Mitsubishi","517","L","3550433598061399","€39,72","144","1","2019-04-28 08:19:43"
"949648448-4","Mercedes-Benz","748","2XL","50388324737277104","€57,14","68","2","2019-04-28 13:21:06"
"827823078-1","Lexus","276","3XL","3571176433342962","€95,85","101","1","2019-04-03 03:16:00"
"179290947-0","Kia","514","L","3547788455195515","€85,36","101","2","2019-04-16 07:33:55"
"578379866-5","Toyota","485","3XL","3566378995150851","€91,15","13","2","2019-04-10 12:22:54"
"013613940-X","Mercedes-Benz","840","S","6771816198214903","€38,73","17","2","2019-04-17 08:38:22"
"412150899-8","Infiniti","351","3XL","5007662899266216","€40,72","103","1","2019-04-22 14:26:03"
"373277305-1","Audi","24","XL","5100148534749739","€42,40","138","2","2019-04-23 12:10:03"
"566765765-1","Cadillac","685","XL","6709609715270327016","€86,35","145","3","2019-04-30 18:40:35"
"993689845-1","Chevrolet","376","M","3543088454118392","€99,09","96","2","2019-04-09 02:57:03"
"011035817-1","Honda","726","S","50183660010822265","€27,93","30","3","2019-04-20 06:08:10"
"319613224-2","Nissan","132","XS","36067347155019","€23,88","60","3","2019-04-02 10:05:38"
"745002324-5","Jaguar","83","3XL","3530387081425807","€12,56","99","3","2019-04-25 05:28:48"
"881181848-6","Volkswagen","923","L","3587711866270918","€71,92","37","3","2019-04-19 19:41:39"
"746441255-9","Toyota","506","M","5108758169541052","€16,29","27","2","2019-04-27 04:01:27"
"358571778-0","Subaru","477","L","5048375497837954","€17,01","41","3","2019-04-23 11:07:35"
"828469976-1","Mitsubishi","313","M","5434430877507735","€89,45","77","1","2019-04-13 15:03:24"
"951662020-5","Audi","36","L","3536260570800448","€97,19","118","2","2019-04-07 14:48:45"
"436684430-3","Mercury","200","S","3563312498915505","€86,07","108","1","2019-04-27 03:58:47"
"986731672-X","BMW","288","M","5602230437042579","€20,13","90","3","2019-04-22 01:29:01"
"444522258-5","Subaru","268","3XL","4508140095506146","€79,93","96","2","2019-05-01 06:11:39"
"183392348-0","Acura","205","XS","3583836986070528","€23,14","91","3","2019-04-03 00:49:47"
"852478986-7","Chevrolet","206","2XL","6375999635975466","€36,31","94","1","2019-04-19 15:03:14"
"808768749-3","Honda","572","2XL","374283249647983","€80,52","70","3","2019-04-04 02:09:45"
"612171990-7","Ford","473","XL","201873205664821","€36,09","12","1","2019-04-30 07:58:54"
"062960204-2","Ford","264","S","3567564963847409","€23,86","135","1","2019-05-01 22:38:15"
"019609436-4","Toyota","30","S","5641823045035739","€16,12","72","1","2019-04-05 12:15:20"
"323415010-9","BMW","782","2XL","3528388442132672","€16,68","10","3","2019-04-13 23:09:02"
"642639742-3","BMW","854","3XL","3578431454695209","€52,36","24","2","2019-04-24 13:36:30"
"996920809-8","Mercury","94","S","5602259093902644","€40,38","9","3","2019-04-25 02:24:27"
"138137474-3","Cadillac","838","M","3556729855783706","€95,99","24","1","2019-05-01 06:47:23"
"336545283-4","Mitsubishi","701","L","3556276834133058","€2,11","99","1","2019-04-28 21:46:07"
"279267900-X","Mazda","93","M","3539828547489789","€79,29","33","1","2019-04-27 23:13:10"
"241469120-4","Toyota","979","L","4905227010803125055","€9,12","62","1","2019-04-18 03:58:30"
"918486394-3","Cadillac","167","S","3575314884001334","€47,84","60","3","2019-04-09 20:04:19"
"321531574-2","Chevrolet","752","L","3587673459346069","€4,13","146","3","2019-04-06 01:06:38"
"022909471-6","Saturn","767","3XL","3541369937987799","€57,36","75","1","2019-04-18 15:33:33"
"048193180-5","GMC","435","M","3583165456250851","€92,56","44","1","2019-04-02 04:07:08"
"569614488-8","Chrysler","993","3XL","633365590683882473","€66,65","143","2","2019-04-26 01:29:39"
"968805466-6","Volkswagen","8","3XL","374288878876142","€51,12","114","2","2019-04-14 15:24:41"
"135203001-2","Jaguar","6","2XL","3541338507219834","€47,62","119","3","2019-04-13 02:12:57"
"157245847-X","Porsche","854","M","4911820509169074111","€7,63","75","3","2019-04-04 01:37:48"
"717081956-2","Suzuki","25","3XL","374283879712545","€45,60","68","2","2019-04-06 15:13:04"
"663147368-3","Geo","230","XL","3586120652271976","€77,88","77","2","2019-04-17 02:57:44"
"010376456-9","Mercedes-Benz","437","L","30352893538388","€0,35","114","1","2019-04-04 02:02:38"
"141162991-4","Nissan","391","M","3534700544495678","€51,43","5","1","2019-04-11 00:53:28"
"757585075-9","Audi","378","S","3547588791107913","€55,23","11","3","2019-05-02 13:45:18"
"344208818-6","Ford","92","L","3571167509707857","€71,02","40","1","2019-05-02 23:36:45"
"754423285-9","BMW","68","S","3542302711419530","€44,95","12","2","2019-04-03 21:00:47"
"521673703-0","Ford","710","XS","3569916030138394","€65,87","40","1","2019-04-19 00:22:30"
"547759218-4","Audi","41","L","3584657007643450","€5,80","148","3","2019-04-17 06:09:02"
"105375146-X","Volkswagen","581","XS","4844632975606775","€54,20","134","2","2019-04-03 20:14:07"
"977282264-4","Scion","380","S","5559956441183065","€53,68","5","2","2019-04-17 04:40:11"
"796548616-4","Porsche","295","L","3531111990893627","€78,49","130","2","2019-04-19 17:10:22"
"495084032-0","GMC","993","2XL","4936955652846946667","€9,39","129","1","2019-04-30 16:36:10"
"485206573-X","GMC","47","L","3581199478400329","€13,68","33","3","2019-04-22 21:37:40"
"616858991-0","Cadillac","77","L","30450232767500","€49,26","145","1","2019-04-27 22:18:36"
"781627070-4","Lexus","667","3XL","6706449199349831","€70,95","128","1","2019-04-04 17:25:04"
"220670426-9","Chevrolet","976","L","337941498020667","€53,84","125","2","2019-04-18 10:24:20"
"922792801-4","Mazda","557","S","6331104745655842","€91,95","24","1","2019-04-23 19:02:54"
"608456331-7","Chevrolet","281","S","56022424868766955","€14,82","149","2","2019-04-04 11:39:35"
"115847792-9","Audi","226","M","67639253083231632","€71,20","37","2","2019-04-11 23:07:56"
"819499235-4","Acura","555","XL","5253520458411790","€27,18","22","1","2019-04-30 18:57:25"
"362763865-4","Pontiac","527","L","3560799505892847","€8,75","118","2","2019-04-13 05:11:20"
"615250432-5","Buick","373","XS","5610253779355508","€45,56","27","3","2019-04-26 23:20:07"
"272798546-0","BMW","209","3XL","676330067870716237","€13,36","135","2","2019-04-11 06:46:53"
"688654606-6","Lincoln","703","XL","3539142239422938","€60,45","130","3","2019-04-02 01:35:15"
"984350819-X","Ford","448","XS","3551584116329814","€27,48","18","3","2019-04-13 04:23:52"
"028422885-0","BMW","483","3XL","5100149643182556","€93,40","147","2","2019-04-15 10:02:22"
"702894324-0","Oldsmobile","756","XS","3546945821110039","€93,42","130","3","2019-04-04 04:29:30"
"498015007-1","Mercedes-Benz","726","2XL","3562786765157241","€83,46","59","1","2019-04-20 12:14:07"
"152347545-5","Mitsubishi","769","2XL","374288706019261","€45,36","114","3","2019-04-30 01:21:07"
"967892873-6","Honda","359","XL","060405451953022365","€27,04","27","3","2019-04-29 10:27:19"
"607690606-5","Nissan","577","XS","3566922246066604","€94,76","3","3","2019-04-01 17:21:19"
"719515172-7","Dodge","187","2XL","6304035311662769181","€34,27","105","3","2019-04-29 01:49:37"
"849595642-X","Kia","425","M","5108756854063069","€77,75","45","2","2019-04-24 09:23:49"
"203067701-9","Chevrolet","288","XS","4911561529798363803","€74,87","123","1","2019-04-08 11:31:41"
"856195170-2","Volkswagen","420","L","372301997264793","€8,57","40","2","2019-05-02 21:11:58"
"083146903-X","Ford","951","M","374283841613185","€43,34","10","1","2019-04-13 02:29:23"
"020705771-0","Acura","895","XS","56108709065127358","€24,15","57","2","2019-04-02 00:27:29"
"571815633-6","Hyundai","257","3XL","3566104387570674","€95,24","102","1","2019-04-07 01:57:31"
"680883288-9","Oldsmobile","663","2XL","5108750072147028","€85,79","79","3","2019-04-08 15:24:07"
"579081390-9","Oldsmobile","949","L","3575568008309895","€94,17","10","3","2019-04-19 19:39:44"
"005508467-2","Pontiac","435","XL","5399609796684781","€78,52","75","1","2019-04-24 09:42:11"
"215489724-X","Suzuki","443","XL","3529062616346413","€11,77","45","1","2019-04-25 18:02:22"
"251516868-X","Scion","844","M","3577412692564861","€72,33","70","2","2019-04-25 05:09:58"
"323295586-X","Mitsubishi","108","3XL","4017954694501","€94,67","150","3","2019-04-29 16:07:00"
"863523565-7","Porsche","101","M","36112381218149","€33,87","67","3","2019-04-05 17:45:57"
"475083214-6","Mazda","487","XS","3552646768270189","€61,68","54","1","2019-04-05 19:34:36"
"451996344-3","Hyundai","536","XS","3566632244273231","€62,45","111","3","2019-04-20 02:58:08"
"369582841-2","Pontiac","362","S","3573263112633602","€93,94","21","1","2019-04-04 05:00:36"
"709230147-5","Ford","621","XS","3580161179328648","€86,33","134","2","2019-04-14 17:27:56"
"691010283-5","Nissan","644","XS","3568494252397354","€44,60","88","3","2019-04-15 17:45:07"
"931548585-8","Saab","509","XL","374288575132047","€99,93","97","3","2019-04-23 00:16:29"
"464030133-2","Ford","555","XL","3540740483204774","€99,51","133","3","2019-04-05 13:08:10"
"646776369-6","Infiniti","227","XS","3535330529267931","€60,39","10","2","2019-04-28 10:12:01"
"524922539-X","GMC","434","M","4936528270745616","€75,49","47","2","2019-05-01 09:29:40"
"595675445-1","Lexus","872","2XL","67090107024316526","€8,22","136","3","2019-04-28 02:15:46"
"194017640-9","Mercedes-Benz","758","S","372301789690734","€16,83","2","2","2019-04-27 20:59:49"
"890302819-8","Ford","185","S","3574472138813077","€31,90","134","1","2019-04-07 02:12:45"
"058516628-5","Toyota","176","XL","3585852394662374","€92,38","104","3","2019-04-02 21:12:17"
"108206373-8","Audi","221","XL","3586199248393940","€97,66","70","3","2019-04-19 06:07:36"
"015046129-1","Lincoln","550","XS","3530399804146511","€58,72","141","1","2019-04-09 06:26:38"
"503180864-0","GMC","894","S","58932098820424559","€12,01","150","2","2019-04-30 08:39:31"
"362524635-X","Dodge","647","M","3560923651628298","€3,87","70","3","2019-04-05 03:02:18"
"587512050-9","Lexus","798","2XL","3571367359637499","€63,65","4","2","2019-04-13 01:31:59"
"360455472-1","Ford","187","M","5893177992425996","€62,56","112","3","2019-04-28 11:06:22"
"668223757-X","Mazda","531","M","30291163455834","€85,34","11","2","2019-04-28 00:04:52"
"155243592-X","GMC","513","XS","3580918154809474","€57,79","123","2","2019-05-02 12:31:08"
"448970585-9","Infiniti","765","L","5129877413691714","€50,86","71","3","2019-05-02 06:35:20"
"909549524-8","Lincoln","541","L","30231169426868","€43,78","55","3","2019-04-16 12:16:46"
"549221818-2","Kia","942","XL","4041596389700","€95,57","44","3","2019-04-16 04:58:52"
"812576695-2","Mitsubishi","926","L","4917494365469211","€41,33","147","2","2019-04-01 01:34:40"
"279001601-1","Volvo","947","M","4936038779112182874","€98,02","126","3","2019-04-18 01:04:39"
"269684141-1","BMW","741","L","3537485215012559","€90,16","26","3","2019-04-07 09:33:43"
"146435903-2","Land Rover","191","3XL","3567481464542761","€43,48","46","3","2019-04-16 12:27:36"
"949220465-7","Mercury","961","XS","3586236809170596","€29,47","135","1","2019-04-10 15:03:55"
"281239674-1","Volvo","933","XS","50202343819143285","€47,27","82","3","2019-04-18 23:42:50"
"854481168-X","Dodge","178","S","4913074097285699","€49,63","119","1","2019-04-25 23:47:08"
"155931633-0","Dodge","732","3XL","5100173359460055","€72,11","79","3","2019-04-17 16:04:02"
"908869109-6","Chevrolet","333","3XL","5602235672288720","€36,48","6","1","2019-04-26 08:36:14"
"767369400-X","Buick","17","L","4508449746575271","€66,52","139","3","2019-04-13 16:43:37"
"009931427-4","Mazda","884","3XL","3584753048794723","€51,39","70","2","2019-04-27 22:21:05"
"803814378-7","Chevrolet","886","S","67632235321441203","€76,15","72","3","2019-04-16 10:25:23"
"858212464-3","GMC","945","2XL","341749220981849","€55,79","136","3","2019-04-01 14:15:28"
"853750160-3","Ford","291","XS","5100172926917472","€33,02","63","2","2019-04-03 06:44:30"
"052719997-4","Mercury","838","S","201545675682158","€16,32","74","3","2019-04-29 09:49:27"
"161143919-1","GMC","139","2XL","3575463952897865","€55,65","79","2","2019-04-10 18:18:51"
"934267365-1","Bentley","697","S","201499415880880","€68,43","119","1","2019-04-14 04:38:26"
"634957603-9","Audi","37","M","5602234384857948","€4,75","25","3","2019-04-10 21:47:30"
"748236658-X","Nissan","392","XL","3553489757176771","€2,69","17","2","2019-04-05 02:14:01"
"787655124-6","Buick","940","XS","3575021671221708","€93,70","123","1","2019-04-17 15:33:26"
"008100706-X","Suzuki","702","XL","56022330334611354","€28,10","51","2","2019-04-24 11:07:31"
"350683919-5","Saturn","661","XS","4508899324786353","€18,72","36","1","2019-04-27 22:54:17"
"954325047-2","Saturn","695","3XL","6759232677747841","€96,05","132","3","2019-04-10 18:43:22"
"253078407-8","Buick","846","L","3533602484555571","€97,58","135","2","2019-04-04 07:48:37"
"653345589-3","Toyota","363","S","5020582789394654088","€68,65","67","3","2019-04-05 07:23:21"
"696054511-0","Ferrari","5","XS","58934819839572056","€50,83","62","2","2019-04-09 16:21:13"
"865459152-8","BMW","49","S","5602223039625594","€45,28","87","2","2019-04-11 23:29:38"
"153884902-X","Rolls-Royce","393","L","3560536547478692","€89,46","93","1","2019-04-10 03:40:36"
"237698869-1","BMW","998","M","5893280255628223335","€34,69","109","1","2019-04-29 07:41:44"
"440075862-1","BMW","714","L","3552818365931618","€18,36","36","1","2019-04-11 12:04:17"
"069110370-4","Subaru","58","M","4902983730389960","€6,56","3","3","2019-04-08 00:00:58"
"754832568-1","Subaru","600","M","3570979842815960","€9,92","69","2","2019-04-06 09:00:31"
"081198273-4","Geo","607","S","3546968669386784","€11,42","47","1","2019-04-21 14:44:29"
"731365003-5","Bentley","609","L","30194261928019","€56,66","20","3","2019-04-29 14:52:54"
"872969626-7","Nissan","649","S","3582795664175119","€49,53","94","1","2019-04-13 14:06:03"
"929962869-6","Mazda","733","S","337941998789134","€32,57","89","2","2019-04-26 05:56:51"
"108583701-7","Toyota","915","S","4041375825662090","€31,70","1","1","2019-04-25 18:18:50"
"753777712-8","Nissan","35","S","345592806921078","€62,01","53","3","2019-04-15 14:13:05"
"821951906-1","Toyota","839","XS","340264578529860","€94,70","108","2","2019-04-08 01:59:15"
"970427225-1","Pontiac","642","2XL","561042439544297113","€80,02","52","1","2019-04-20 19:17:25"
"878276960-5","Saab","209","L","633495037883180160","€27,39","132","3","2019-04-27 22:39:09"
"446802007-5","Mitsubishi","924","2XL","5100139839355553","€22,71","64","3","2019-04-24 21:25:57"
"567443731-9","Chevrolet","690","XS","374288087187117","€48,86","61","1","2019-04-06 10:50:53"
"807969313-7","Volvo","260","M","30004071793273","€15,97","92","3","2019-04-20 04:35:33"
"315774345-7","Mazda","794","S","3576756404194693","€23,75","70","1","2019-04-03 06:02:37"
"215980207-7","Lotus","238","XS","3567532971910584","€68,50","51","3","2019-04-06 15:07:28"
"731860158-X","Suzuki","227","S","501807516686918225","€60,63","28","3","2019-04-10 17:22:24"
"989534617-4","Mercury","508","XS","6304163517706183676","€23,62","12","1","2019-04-16 11:47:58"
"387382409-4","Hyundai","464","2XL","6304807638130656","€27,67","104","1","2019-04-21 19:14:12"
"431077087-8","Dodge","831","2XL","56022136905920946","€18,36","21","1","2019-04-14 12:11:47"
"747670697-8","MINI","450","2XL","5010123910518031","€96,43","14","2","2019-04-24 04:14:02"
"722322243-3","Ford","514","XS","3565225889545210","€13,41","39","2","2019-05-02 04:46:13"
"454802118-3","Mitsubishi","340","3XL","3579138339710538","€78,88","24","3","2019-04-24 16:34:05"
"462738103-4","Saturn","500","3XL","5010122177572632","€5,41","61","3","2019-04-23 21:51:50"
"563232699-3","Scion","860","3XL","3561043620713904","€62,68","61","2","2019-04-01 10:34:28"
"405231442-5","Audi","265","2XL","3552772207070657","€29,63","91","2","2019-04-17 11:29:47"
"827795201-5","Honda","230","2XL","6331103618990559","€73,14","146","3","2019-05-01 16:51:21"
"550665162-7","Toyota","827","S","375363055760986","€26,83","96","2","2019-04-17 03:02:02"
"240223456-3","Honda","255","2XL","675914449508103812","€61,93","135","1","2019-04-22 17:33:02"
"973442122-0","Mercedes-Benz","291","S","6304855609430902134","€97,76","49","1","2019-04-17 06:07:51"
"287542425-4","Toyota","661","3XL","5434831082573661","€59,59","83","3","2019-05-01 01:52:46"
"614555550-5","Acura","673","XS","4041596541898227","€46,52","47","3","2019-04-18 08:39:23"
"350317664-0","GMC","382","2XL","6333986536633333588","€99,85","36","2","2019-04-01 21:07:43"
"880617739-7","Dodge","616","L","4175009011091503","€23,18","27","1","2019-04-10 15:15:35"
"928123887-X","Acura","601","S","4017953246394","€58,63","18","2","2019-04-11 02:24:04"
"561851321-8","Audi","695","S","56108620164291492","€23,55","118","2","2019-04-18 22:04:24"
"970910537-X","Ford","808","L","5010124803198071","€0,24","22","2","2019-04-08 09:06:22"
"552750352-X","BMW","253","3XL","3578857234195393","€32,48","3","1","2019-04-18 00:17:27"
"643923126-X","Hummer","46","L","502058544869309008","€4,72","55","3","2019-04-06 21:12:14"
"665437949-7","Toyota","167","2XL","3569463557224877","€56,47","97","2","2019-04-30 21:04:48"
"572763474-1","Mercedes-Benz","505","3XL","5429823860696001","€30,98","89","1","2019-04-14 13:42:20"
"632205376-0","Honda","380","XL","6759282664727322","€24,97","19","3","2019-04-15 03:38:40"
"339169206-5","Oldsmobile","124","2XL","3577821848239980","€47,56","66","1","2019-04-27 05:35:51"
"980052418-5","Oldsmobile","183","L","4026771012115356","€31,33","22","1","2019-05-01 17:24:13"
"995935322-2","BMW","837","L","4175003301819707","€20,12","43","1","2019-05-01 09:58:12"
"810555413-5","Chevrolet","286","XS","3572420080170709","€57,22","94","2","2019-04-06 15:07:19"
"320237476-1","Dodge","530","2XL","3573700924614874","€60,54","43","3","2019-04-12 06:21:51"
"915550263-6","Buick","804","L","3542683041501448","€75,37","122","3","2019-04-02 11:16:29"
"155341530-2","Audi","837","2XL","3574055809329067","€30,70","66","3","2019-04-07 13:26:57"
"173371115-5","Cadillac","870","2XL","0604299673818397","€90,09","52","1","2019-04-01 00:21:31"
"508578411-1","Cadillac","978","L","3548950036640182","€90,15","36","3","2019-04-03 01:39:38"
"581403429-7","Chrysler","66","M","201460849507440","€65,91","5","2","2019-04-06 08:55:38"
"633344727-7","Jaguar","426","XS","201870574470947","€19,40","33","1","2019-04-12 07:28:31"
"817037870-2","Jeep","597","L","633378592255466375","€55,26","77","2","2019-04-01 19:44:59"
"853336929-8","GMC","758","XS","50189944930910382","€33,92","51","3","2019-04-30 15:51:10"
"407144121-6","Scion","881","M","3568614530617071","€80,27","45","2","2019-04-13 11:35:17"
"864433920-6","Subaru","986","2XL","5038631847849996","€65,74","149","2","2019-04-01 07:26:05"
"567621163-6","Mercedes-Benz","614","S","3566029528289324","€31,06","124","1","2019-04-05 04:30:18"
"232027408-1","Subaru","625","S","6304952565092477","€99,27","38","2","2019-04-16 07:11:18"
"557629935-3","Chevrolet","437","XS","201447959005562","€71,15","23","3","2019-04-17 21:53:24"
"466017286-4","Toyota","363","2XL","3535270950167723","€98,14","42","3","2019-04-30 05:04:03"
"799077962-5","Toyota","243","3XL","6376007727524603","€77,73","13","2","2019-04-16 14:32:42"
"829930582-9","GMC","250","XS","5596693524311231","€45,58","143","1","2019-04-24 00:53:18"
"478284940-0","Lotus","873","XL","30050810837152","€14,55","123","2","2019-04-08 07:28:00"
"374517824-6","Cadillac","638","S","56106516586834517","€97,35","60","2","2019-04-18 10:28:23"
"414054923-8","GMC","514","3XL","675958148428319451","€94,61","87","1","2019-04-04 13:03:45"
"519736443-2","Lexus","13","M","3582500588206556","€73,86","99","2","2019-04-11 00:56:51"
"603561668-2","Hyundai","655","3XL","374283635740137","€98,20","48","2","2019-04-02 17:47:46"
"165107189-6","Mazda","687","S","5109646722666426","€74,86","23","1","2019-05-01 17:58:36"
"372499086-3","Nissan","144","L","3583825892011494","€50,92","104","1","2019-04-16 20:51:32"
"211455706-5","Chevrolet","412","3XL","4017951957239202","€59,54","120","3","2019-04-01 00:16:44"
"716344254-8","Audi","117","2XL","201640488552480","€15,98","58","1","2019-04-07 07:14:42"
"058832248-2","Mercedes-Benz","722","XS","337941485744931","€91,80","79","1","2019-04-13 18:06:57"
"935052093-1","Ferrari","862","M","3552620864597571","€30,27","134","3","2019-04-06 14:29:21"
"418988553-3","Toyota","105","XS","3551265502996446","€61,30","103","3","2019-04-16 19:51:35"
"674850576-3","Saab","726","XL","30461802569259","€61,92","86","2","2019-04-02 07:57:36"
"215345095-0","Suzuki","226","L","5602244251611732838","€97,48","18","3","2019-05-01 02:05:27"
"223215523-4","Lotus","383","M","5105436552516998","€29,37","37","1","2019-05-01 10:21:25"
"844513185-0","Buick","426","3XL","56105076391567829","€18,53","47","3","2019-04-02 04:14:19"
"898061591-4","Dodge","489","3XL","4936561614844622571","€22,30","139","2","2019-05-01 01:36:33"
"214396291-6","Ford","180","XL","6762405347674703","€68,41","91","1","2019-04-09 23:40:53"
"512157890-3","Toyota","523","L","3566357414123319","€5,74","148","1","2019-04-20 02:45:30"
"987580907-1","Maserati","717","M","6706664862124584489","€33,09","56","3","2019-04-08 22:53:48"
"996247900-2","Mercedes-Benz","12","L","3581566213030076","€25,40","145","3","2019-04-11 13:51:58"
"228119989-4","Volkswagen","810","XS","6767217251812387559","€99,31","79","3","2019-04-09 18:29:27"
"137221342-2","Toyota","576","S","5328279332967367","€45,69","145","2","2019-04-02 05:08:06"
"018714928-3","Jeep","654","M","3545401845970512","€17,68","114","1","2019-04-28 17:17:22"
"857496543-X","Mercury","515","L","6759414032617543","€99,07","111","1","2019-04-25 18:17:06"
"940567376-9","Hyundai","500","M","201673389007122","€63,04","63","3","2019-04-07 16:29:33"
"887790764-9","Nissan","450","M","3535683690483525","€20,06","13","2","2019-05-01 01:04:47"
"599501358-0","Chrysler","104","S","3553066934504982","€62,21","10","2","2019-04-23 03:53:38"
"033921953-X","Mercury","44","S","3543240688638055","€17,20","136","3","2019-04-18 00:57:34"
"076369036-8","Mercedes-Benz","484","XS","6373324362850091","€28,67","17","2","2019-04-26 02:45:36"
"926689502-4","BMW","962","S","3556620952535026","€28,02","40","2","2019-04-11 21:29:55"
"920256292-X","Aston Martin","857","2XL","3531457522412984","€6,76","117","1","2019-04-19 10:57:21"
"134937494-6","Toyota","575","M","3544964799517317","€21,64","70","1","2019-04-26 21:51:49"
"130869741-4","Lotus","211","M","6706804043071652","€35,50","73","3","2019-04-11 15:32:07"
"256187548-2","Ford","520","M","6771575795908449317","€72,89","59","2","2019-04-28 09:19:42"
"167700464-9","Dodge","897","M","337941939520002","€60,53","16","3","2019-05-01 23:33:52"
"578148203-2","Pontiac","521","L","3570144059206888","€25,70","130","3","2019-04-22 23:03:30"
"507839485-0","Pontiac","920","XS","3584171269348543","€97,86","49","1","2019-04-01 10:06:04"
"700514294-2","Chevrolet","603","L","3568855413924015","€40,82","17","1","2019-04-04 09:33:33"
"609861177-7","Mazda","36","XS","3542949809532317","€15,37","42","2","2019-04-29 12:47:53"
"924532387-0","Honda","397","2XL","3552880325467737","€60,02","121","3","2019-04-27 14:18:13"
"292700365-3","Buick","217","2XL","3566818034341060","€93,98","117","1","2019-04-11 02:49:32"
"544478063-1","Cadillac","83","XS","6759057799858402","€69,36","89","2","2019-04-27 02:41:42"
"380195843-4","BMW","303","S","3564264949797405","€38,62","52","3","2019-04-02 02:37:10"
"442534639-4","Mercedes-Benz","360","M","374622956596463","€94,47","27","3","2019-04-25 09:08:47"
"431317246-7","Toyota","216","XL","3534151388889735","€80,91","61","2","2019-04-29 18:41:55"
"641258929-5","Plymouth","297","XS","3566652189036195","€78,39","25","2","2019-04-29 19:18:44"
"491545497-5","Ford","44","L","4017951002245","€89,28","48","1","2019-04-07 22:06:43"
"730271134-8","Mercury","790","L","6759555324422825156","€23,98","123","2","2019-04-05 15:51:44"
"635994451-0","Mitsubishi","444","3XL","5602238365468583","€54,03","58","1","2019-04-07 21:07:18"
"425073444-7","Hyundai","799","XS","375164973487086","€50,24","114","1","2019-04-26 03:32:00"
"098307700-2","Toyota","735","3XL","3530969815334833","€26,77","28","1","2019-04-22 11:32:22"
"564308060-5","Mercedes-Benz","168","XS","5007661160289204","€47,78","41","1","2019-04-02 17:09:48"
"440988911-7","Cadillac","770","3XL","4917626612028338","€92,75","29","3","2019-04-19 08:22:47"
"908712854-1","GMC","86","XS","374283737518084","€14,21","98","2","2019-04-06 10:19:04"
"102136025-2","Lotus","320","3XL","3571712523097197","€82,33","59","1","2019-04-16 02:29:01"
"726676420-3","Lincoln","575","L","371891403618070","€3,50","71","2","2019-04-19 01:12:44"
"298392316-9","Mitsubishi","754","2XL","3557452361555158","€77,31","140","2","2019-04-10 11:04:09"
"983189281-X","Volvo","584","2XL","5513863695674226","€84,35","38","2","2019-04-19 19:42:14"
"289306889-8","Chevrolet","997","S","5602237926702787","€1,99","62","1","2019-04-01 17:41:57"
"547292084-1","Ford","692","XL","4913016164532842","€10,71","36","3","2019-04-05 10:11:41"
"654035641-2","BMW","701","XL","5100137741663023","€32,65","124","3","2019-04-11 03:07:12"
"541285943-7","Ford","618","XL","3541167138647687","€93,97","126","3","2019-04-01 02:23:31"
"052843036-X","BMW","906","M","5240933736089575","€50,83","109","3","2019-04-22 00:47:22"
"601440218-7","Scion","522","2XL","5100135995284058","€66,50","52","1","2019-04-24 03:31:57"
"099363793-0","Mercedes-Benz","735","M","4017956019319","€31,37","92","3","2019-04-11 09:23:59"
"655930613-5","Honda","856","L","3533503970868090","€41,27","122","2","2019-04-11 20:44:50"
"902942284-X","Audi","752","L","3577596555176498","€18,33","19","3","2019-04-02 15:35:43"
"256786428-8","Buick","625","S","3538614303883725","€7,74","14","1","2019-04-28 23:50:11"
"167860143-8","Buick","31","M","3589712950083231","€8,34","28","3","2019-04-08 09:51:41"
"674617315-1","Toyota","181","XS","3541252207973170","€40,25","22","2","2019-04-25 06:23:22"
"414241412-7","Infiniti","222","XS","4142032863223","€33,06","114","1","2019-04-29 16:35:13"
"764161658-5","Dodge","993","3XL","3587593094957254","€55,43","83","1","2019-05-01 23:19:23"
"111395387-X","Plymouth","631","XS","4017953165234314","€88,45","145","1","2019-04-13 05:50:16"
"369609909-0","Mitsubishi","366","XS","3542567604729720","€38,80","23","3","2019-04-16 22:15:21"
"615013940-9","BMW","703","XS","5230588899853142","€68,35","15","2","2019-04-11 05:20:20"
"388210943-2","BMW","731","3XL","3567525876560967","€28,46","90","1","2019-04-22 10:21:31"
"412711722-2","Porsche","793","3XL","3568385947876291","€97,70","77","1","2019-04-22 14:29:04"
"752531151-X","Lexus","88","3XL","3584023384216677","€19,15","20","1","2019-04-20 07:41:54"
"620561388-3","Jeep","364","3XL","4913633855105066","€45,23","1","1","2019-04-07 17:53:09"
"401803848-8","BMW","330","S","3538697559604994","€92,18","75","2","2019-04-23 06:33:26"
"159414533-4","GMC","919","M","3570052406320510","€32,03","16","1","2019-05-01 02:47:44"
"148840554-9","Toyota","740","L","3536106514872730","€86,49","78","1","2019-04-15 01:22:28"
"925250159-2","Mitsubishi","883","M","502089087578109379","€96,84","118","1","2019-04-07 00:21:36"
"231975703-1","Chevrolet","374","XL","5018190596705358","€4,60","144","2","2019-04-17 10:49:40"
"239830953-3","Toyota","508","XS","340107320083407","€84,74","132","2","2019-04-28 03:14:03"
"577553862-5","Isuzu","804","3XL","3569482226952007","€91,70","105","3","2019-04-26 19:43:22"
"646988621-3","Saab","987","3XL","3553395403947624","€25,77","90","3","2019-04-27 04:37:43"
"444425305-3","Subaru","676","L","5602224122252866","€61,97","113","2","2019-04-29 00:48:42"
"599436942-X","BMW","121","XL","5007663291854518","€84,56","124","1","2019-04-13 13:18:44"
"762315462-1","Hyundai","824","S","50183295262477789","€16,17","132","3","2019-05-02 14:36:40"
"734208677-0","Chrysler","898","XS","5100135848958718","€39,96","103","1","2019-04-09 12:45:16"
"103916294-0","Mercedes-Benz","104","L","5407653863611285","€84,45","121","2","2019-04-28 17:45:14"
"088026971-5","Ford","754","S","502053894436780180","€96,94","137","1","2019-04-20 12:58:47"
"737499477-X","Chevrolet","365","S","4508055865250172","€39,46","78","3","2019-04-09 12:06:25"
"963070795-0","Pontiac","67","S","4903451361169017952","€75,58","51","1","2019-04-29 10:39:18"
"968990750-6","Nissan","358","S","3574608449026707","€88,61","114","3","2019-04-26 21:52:51"
"707347430-0","Honda","563","XS","5100146184634938","€98,98","14","3","2019-04-16 17:59:13"
"520329648-0","Cadillac","475","S","5602254754804930876","€18,38","13","1","2019-04-29 14:10:42"
"302574235-6","Lincoln","319","XS","5331546222222656","€14,43","135","1","2019-04-11 19:23:07"
"216867522-8","Mitsubishi","407","S","201984243996974","€24,40","44","3","2019-04-30 11:30:50"
"722217459-1","Hummer","329","XL","4017951015685073","€56,25","39","2","2019-04-18 05:58:04"
"213720122-4","Oldsmobile","32","XS","374622103125505","€10,62","143","1","2019-04-17 23:57:50"
"085366675-X","Mercedes-Benz","888","2XL","3582727538805761","€7,01","114","3","2019-04-26 16:55:00"
"976948255-2","Subaru","522","3XL","4903512478740848775","€72,25","4","1","2019-04-26 18:45:02"
"253961280-6","Toyota","38","3XL","3543382664532942","€69,57","20","3","2019-04-16 02:33:49"
"984619363-7","Jeep","630","S","3553743457947588","€4,46","146","2","2019-04-02 23:37:11"
"057520765-5","Lincoln","924","S","201878852477252","€81,56","23","2","2019-04-19 01:28:37"
"722627327-6","Toyota","826","L","3585197019153643","€21,30","1","2","2019-04-24 10:31:47"
"396686576-9","Acura","832","L","3557672456414140","€39,62","147","3","2019-04-21 12:03:06"
"746343179-7","Acura","531","XL","6372556423755451","€42,49","124","3","2019-04-12 01:42:57"
"978835093-3","Audi","167","S","201516870028281","€25,78","44","1","2019-04-07 15:14:56"
"785450918-2","Chevrolet","800","XS","5602226051669473","€57,76","116","2","2019-04-29 21:08:24"
"039528443-0","GMC","357","3XL","5100149519786878","€2,57","116","1","2019-04-21 13:31:17"
"630449267-7","Lexus","410","L","3586472133670932","€38,39","46","2","2019-05-01 00:45:43"
"554634655-8","Rolls-Royce","43","L","5100172878606610","€24,36","113","2","2019-04-18 20:06:50"
"720530687-6","Mazda","152","XS","6372491253425936","€5,45","105","2","2019-04-19 22:51:27"
"373701739-5","Dodge","392","2XL","3535576265144524","€76,92","97","1","2019-04-17 09:19:52"
"511314829-6","Subaru","721","3XL","3561472731485674","€69,49","118","2","2019-05-01 00:12:47"
"892588673-1","Isuzu","795","2XL","3530709309424942","€87,55","150","3","2019-05-01 12:34:06"
"459647492-3","Chevrolet","400","2XL","5602246747039626","€27,37","4","2","2019-04-25 02:27:49"
"121933780-3","GMC","943","XL","3588126967298628","€34,67","16","2","2019-04-12 02:25:48"
"268195783-4","Dodge","170","3XL","5038911637935386120","€87,59","82","3","2019-04-18 01:43:03"
"133776377-2","Smart","722","3XL","3559632040886565","€80,10","47","1","2019-04-13 17:41:12"
"877990325-8","Ford","329","XL","30320691083543","€39,76","148","2","2019-04-07 18:45:27"
"173263568-4","Mercury","489","3XL","6334927374247524","€35,82","72","1","2019-04-02 03:40:24"
"917389909-7","Lexus","34","L","3572940138329023","€41,30","72","2","2019-04-22 20:01:53"
"886833087-3","BMW","929","2XL","67716552499874562","€97,86","36","2","2019-04-08 18:25:47"
"530204152-9","Dodge","146","3XL","3530051407859004","€34,85","44","3","2019-04-21 23:39:37"
"882050544-4","Audi","857","S","3576564454451025","€77,75","133","1","2019-04-18 00:54:04"
"253062829-7","Lexus","26","3XL","4905637997895541013","€81,68","6","2","2019-04-24 16:09:16"
"696563392-1","Dodge","684","3XL","5007666986340768","€68,29","138","1","2019-05-02 17:09:16"
"688478671-X","Cadillac","67","M","4917352555094647","€68,11","105","2","2019-04-11 10:49:12"
"514547075-4","Chevrolet","818","3XL","4041371825340","€90,91","98","3","2019-04-08 08:58:03"
"313409023-6","Mercedes-Benz","342","XS","5100175327473623","€97,53","6","3","2019-05-02 14:03:46"
"584789039-7","Nissan","341","L","4405168102112966","€34,85","39","3","2019-04-30 02:44:07"
"983876825-1","Chrysler","694","2XL","3582691612797569","€55,17","3","1","2019-04-17 08:32:24"
"472699888-9","GMC","531","3XL","372301970629376","€63,11","81","2","2019-04-25 03:07:43"
"895864294-7","Maserati","621","S","3557766229422339","€63,67","141","2","2019-04-09 12:27:40"
"861512079-X","Lexus","727","L","30452009925584","€76,36","145","1","2019-04-25 10:19:36"
"871718810-5","Chevrolet","411","S","5377656950066103","€36,52","128","1","2019-04-17 11:43:45"
"864688329-9","Cadillac","259","M","3533084248215497","€59,87","9","3","2019-04-26 16:19:53"
"928209510-X","Chrysler","796","S","490593400613313400","€74,10","119","2","2019-04-18 09:22:13"
"160611621-5","Audi","109","3XL","5610388198349557","€33,59","32","1","2019-04-16 17:47:38"
"229896574-9","Toyota","295","XS","3564884078594552","€55,10","109","2","2019-04-20 14:41:45"
"492192597-6","Cadillac","923","3XL","5100173502919148","€67,60","127","3","2019-04-04 11:42:08"
"539659419-5","Mazda","862","XS","3581611138961037","€20,69","131","3","2019-04-12 18:32:08"
"609341624-0","Hyundai","692","M","5100138364464699","€11,36","148","1","2019-04-16 18:54:16"
"179151805-2","Nissan","719","XL","3546472990414688","€39,56","123","1","2019-04-10 12:32:33"
"709700938-1","Chevrolet","992","XS","3570944610215348","€91,23","22","1","2019-04-02 03:32:23"
"987751166-5","Honda","290","M","5602247770790887","€26,98","117","3","2019-05-02 19:07:17"
"199765539-X","Mazda","166","XL","3561016313828205","€46,15","4","1","2019-04-03 12:43:20"
"977150785-0","Audi","606","2XL","3572888574108924","€2,62","73","2","2019-05-01 03:24:42"
"575199298-9","Audi","419","M","3544829126073872","€41,54","19","3","2019-05-01 12:52:38"
"970546483-9","Chevrolet","828","M","3573392296615604","€89,41","63","3","2019-04-07 21:31:21"
"039706804-2","Ford","436","XL","5038586194643402","€1,45","128","2","2019-04-05 13:58:38"
"679501310-3","Chrysler","551","M","3582808492386491","€85,64","66","1","2019-04-14 10:08:39"
"231427588-8","Lexus","548","L","3545523117979093","€86,82","101","2","2019-04-03 17:45:39"
"322029239-9","Jeep","388","3XL","3542546473368562","€44,44","56","3","2019-04-01 08:04:02"
"968900134-5","Alfa Romeo","120","XL","3569378486408732","€4,80","70","2","2019-04-25 22:34:22"
"594519932-X","Buick","653","3XL","3556293951766867","€0,67","108","2","2019-04-28 08:51:15"
"263066041-9","Toyota","141","XL","5602241170993472","€3,18","50","1","2019-04-23 22:31:12"
"599156814-6","Volkswagen","474","2XL","3587803322718695","€46,29","61","2","2019-04-22 04:24:56"
"268580139-1","Buick","13","L","4041376766838","€90,75","31","1","2019-04-13 07:05:35"
"110873713-7","Subaru","142","2XL","30224053495602","€86,71","70","3","2019-04-19 19:07:11"
"819932672-7","Pontiac","75","L","6759367051416133887","€81,86","145","1","2019-04-24 13:34:03"
"719875730-8","Dodge","222","M","3559923539472821","€57,54","99","2","2019-04-10 07:57:21"
"208506468-X","Volkswagen","848","XL","36319022026266","€92,63","73","1","2019-04-30 11:33:27"
"091156177-3","GMC","322","XS","3570780433027696","€27,41","113","1","2019-04-26 22:55:12"
"189977425-4","Hyundai","539","XS","4041375432374","€86,30","119","2","2019-05-01 09:58:57"
"246669045-4","Mitsubishi","428","XS","3567016331337399","€32,38","23","1","2019-04-07 00:33:55"
"486733091-4","Volkswagen","110","L","6759602919565157177","€1,56","31","1","2019-04-30 01:30:05"
"947306122-6","Volvo","816","XS","6370235543261086","€47,84","118","2","2019-04-10 00:10:42"
"316820465-X","Hummer","193","XS","4041373977252687","€38,89","104","2","2019-04-30 11:00:03"
"295369830-2","Ford","214","3XL","490342060548854938","€0,30","93","2","2019-04-05 16:06:38"
"777482067-1","Nissan","677","S","5602229620981510","€66,60","9","2","2019-04-29 13:53:54"
"491794372-8","Infiniti","779","3XL","560224304709508666","€69,53","41","3","2019-04-03 11:05:38"
"051179506-8","Jaguar","523","XL","4508928728593840","€71,68","108","2","2019-04-17 08:25:59"
"186533920-2","Audi","26","L","3587854186157561","€12,62","117","3","2019-04-07 01:44:16"
"055232967-3","GMC","867","XS","3566868597364058","€92,17","106","3","2019-04-12 16:27:30"
"205322822-9","Cadillac","508","XL","4844482126502428","€1,54","150","3","2019-04-07 21:51:32"
"682329094-3","GMC","948","2XL","676147338848196809","€92,27","5","1","2019-04-13 08:00:53"
"322888965-3","Audi","38","XS","3579707150253354","€60,90","5","1","2019-04-23 14:07:48"
"040795559-3","Volvo","449","L","3574578201961781","€72,40","72","1","2019-04-02 20:37:28"
"199101741-3","Audi","8","M","3583328314062286","€2,58","2","3","2019-04-19 05:54:40"
"870011930-X","Mitsubishi","825","S","3543727950328639","€89,31","59","3","2019-04-09 02:21:01"
"437567546-2","Ford","18","S","201673623460582","€64,57","56","1","2019-05-02 02:47:23"
"610491886-7","Infiniti","266","L","30380232341461","€64,55","25","2","2019-04-25 15:47:03"
"815306708-7","Volvo","446","2XL","3535587555755382","€66,79","69","2","2019-05-02 03:23:31"
"844416132-2","Toyota","1000","XL","633341082351260652","€67,32","125","1","2019-04-15 13:48:08"
"020512830-0","Cadillac","570","XS","6759181835715178815","€94,78","99","1","2019-04-01 17:24:17"
"481235344-0","Oldsmobile","168","XL","371548085397171","€55,86","32","2","2019-04-17 02:03:19"
"992815169-5","Volkswagen","676","M","3529292144855748","€73,30","82","3","2019-04-29 11:30:03"
"144351580-9","Isuzu","439","XS","3566442241326796","€50,63","130","2","2019-04-01 03:40:12"
"679565142-8","Volkswagen","38","XS","491171030941305303","€26,54","116","3","2019-04-09 00:11:08"
"781081005-7","Ford","49","M","3535234709474822","€35,94","49","2","2019-04-07 05:48:40"
"606627821-5","Mazda","591","XS","63045008907983793","€35,09","22","2","2019-04-27 22:08:11"
"207035029-0","Mitsubishi","334","XS","5108752515504856","€88,84","74","1","2019-04-25 17:51:51"
"145228921-2","Dodge","466","M","201794564723042","€25,75","65","3","2019-04-04 16:15:03"
"608698885-4","Honda","806","3XL","201550795215343","€33,57","136","1","2019-04-04 17:25:28"
"828509488-X","Jeep","765","S","3529859879996432","€24,22","30","1","2019-04-25 01:26:06"
"475063692-4","Ford","710","S","3545553133647762","€36,85","120","3","2019-04-10 15:51:14"
"160930733-X","Chevrolet","277","3XL","4844885748440100","€16,49","118","1","2019-04-29 22:10:55"
"334694216-3","Oldsmobile","63","XS","3567364111808555","€74,32","135","1","2019-05-01 02:40:36"
"364112233-3","Chevrolet","879","XL","3589850123568645","€24,65","48","3","2019-04-24 08:36:34"
"033331763-7","Mazda","923","M","3572407913267083","€6,06","109","2","2019-04-24 06:23:49"
"604260335-3","Chevrolet","929","M","4017956109948089","€3,93","136","3","2019-04-12 05:27:30"
"552412988-0","Pontiac","652","S","376216709514267","€75,88","13","1","2019-04-04 21:45:59"
"785289007-5","Mercury","572","XL","3553567334909887","€14,18","34","2","2019-05-01 23:22:36"
"978859174-4","Pontiac","710","XL","201648142469561","€21,40","47","2","2019-04-29 12:44:10"
"784682822-3","Pontiac","511","2XL","3548090145477968","€77,17","51","2","2019-04-03 17:15:40"
"653724771-3","Buick","132","S","30494361877631","€89,76","80","3","2019-04-19 16:13:55"
"548825752-7","Chevrolet","585","3XL","5417290747077231","€56,49","117","1","2019-04-13 09:29:00"
"636604778-2","Toyota","121","M","3534158700968105","€24,34","21","1","2019-04-16 17:41:38"
"873658718-4","Ford","822","M","5602254906228394","€99,19","145","1","2019-04-27 21:52:02"
"355839279-5","Mercedes-Benz","674","S","5100145614837996","€54,22","79","2","2019-05-01 00:03:58"
"695427100-4","BMW","864","S","3578533656621618","€9,03","18","1","2019-04-11 10:39:57"
"683376718-1","Dodge","54","2XL","6371001797453889","€16,52","7","1","2019-05-01 17:28:33"
"850552560-4","Toyota","160","3XL","3568524030714114","€65,97","67","1","2019-04-04 07:42:30"
"238462703-1","Chevrolet","254","XL","3540755704930486","€46,72","146","3","2019-04-17 21:16:34"
"074078960-0","Ford","497","L","6379954873348179","€31,62","9","3","2019-04-01 19:50:26"
"427812669-7","Dodge","409","S","3543656824760844","€96,74","97","1","2019-04-19 03:26:46"
"596570843-2","BMW","221","M","3565820435094463","€47,40","75","1","2019-04-10 15:03:34"
"608258280-2","Porsche","930","M","3576253075255623","€55,61","34","1","2019-04-22 15:37:37"
"336343315-8","Buick","74","M","3544494364289753","€18,55","147","2","2019-04-25 14:54:55"
"372412109-1","Suzuki","973","XS","3584765400530917","€38,64","147","2","2019-04-26 09:57:00"
"834319744-5","Pontiac","822","XL","3589129317572303","€72,08","38","1","2019-04-24 08:37:31"
"303070926-4","Land Rover","832","2XL","201559229535317","€2,38","96","1","2019-04-14 10:28:35"
"787013190-3","Mercury","938","3XL","201506124575054","€85,21","144","3","2019-04-18 14:14:08"
"271535609-9","Mazda","432","L","3563512396703958","€75,66","95","2","2019-04-26 21:30:20"
"275364090-4","Mercury","313","3XL","5602220762498306","€31,59","38","1","2019-04-28 10:52:51"
"743788940-4","Chevrolet","435","XL","30581891176466","€81,00","98","2","2019-04-28 05:46:08"
"204397140-9","MINI","691","L","5602232164439093","€29,71","72","1","2019-04-27 23:33:03"
"400862737-5","Audi","526","3XL","6304850227351400957","€79,48","89","3","2019-04-19 23:21:06"
"021938475-4","Chevrolet","877","L","3575975350056711","€28,27","97","3","2019-04-14 02:04:16"
"186799168-3","Volvo","413","XL","3565976097880233","€68,09","139","1","2019-04-03 00:49:32"
"280063448-0","Mercedes-Benz","938","XS","5010125648317750","€77,57","33","2","2019-04-11 08:23:16"
"342810779-9","GMC","691","L","30495943544789","€84,54","125","3","2019-04-20 11:09:13"
"727913448-3","Suzuki","34","M","5602255757152914","€2,72","117","3","2019-04-07 07:47:26"
"233339800-0","Subaru","12","M","201518530779659","€12,79","78","3","2019-04-14 10:36:55"
"256887813-4","Mitsubishi","245","3XL","67095568252187829","€27,89","91","2","2019-04-22 16:44:04"
"547032756-6","Jaguar","230","M","3572836839291845","€92,82","25","2","2019-04-16 22:35:48"
"696725466-9","Chevrolet","219","L","5602219692027359","€96,17","53","2","2019-05-01 09:25:43"
"369360753-2","GMC","156","L","3584277789903129","€38,54","107","3","2019-04-16 03:53:44"
"598499790-8","Audi","57","2XL","3528043666028771","€62,74","123","2","2019-04-06 07:34:19"
"876218212-9","Porsche","757","L","5453192766981159","€7,56","118","2","2019-04-19 09:00:32"
"573183731-7","Cadillac","94","M","3582062791485014","€50,56","82","3","2019-04-16 16:30:31"
"455427036-X","Subaru","492","S","5602232620510719","€76,52","111","3","2019-04-27 10:28:17"
"626496182-5","Buick","929","XL","3562493449502104","€31,07","24","3","2019-05-02 10:03:35"
"390968073-9","Acura","104","S","3561803665944585","€4,87","119","2","2019-04-25 17:02:11"
"182126112-7","Ford","560","XS","67595220110297243","€4,95","137","2","2019-04-27 03:00:39"
"608198233-5","Ford","403","XS","06046660051906752","€72,59","62","3","2019-04-22 01:15:58"
"643309617-4","Nissan","810","M","4026609826268104","€95,60","10","1","2019-04-15 04:01:39"
"702346549-9","Ford","949","2XL","5100147743654391","€76,83","100","1","2019-04-21 20:00:30"
"532377419-3","Dodge","153","XS","3528495082783274","€58,26","134","3","2019-04-27 20:28:34"
"295143198-8","Honda","459","XS","633353426433367149","€17,09","56","3","2019-04-10 18:58:44"
"566140215-5","Mercedes-Benz","408","XS","3534957881976781","€49,24","85","3","2019-04-05 19:07:58"
"477297477-6","Mazda","309","XL","3542466022354270","€48,07","118","2","2019-05-02 08:51:36"
"907451900-8","Mercedes-Benz","230","L","3544842572378182","€41,43","111","1","2019-04-04 01:03:31"
"957986182-X","Porsche","216","2XL","4041593925514","€6,12","118","3","2019-04-02 16:51:18"
"121164498-7","Acura","733","XS","56107044733432597","€29,40","53","1","2019-04-22 19:22:47"
"146456854-5","Dodge","960","M","5409591645155270","€79,10","89","2","2019-04-25 18:31:32"
"078759980-8","Mercury","397","3XL","4017950540641","€16,30","41","2","2019-04-09 22:26:45"
"488173214-5","Mazda","854","S","675958947246825023","€52,12","147","2","2019-04-05 21:08:25"
"357959466-4","Chevrolet","861","XL","56022591836091508","€28,67","59","3","2019-04-18 23:55:24"
"423634064-X","Lexus","712","S","5602210676457424035","€14,94","112","1","2019-04-24 09:37:35"
"327526346-3","Mazda","94","S","4844927287549063","€73,87","60","3","2019-04-29 14:24:56"
"390714975-0","Oldsmobile","128","S","36459839592348","€38,24","47","1","2019-04-10 00:24:00"
"480715961-5","Suzuki","769","S","3579299611181432","€31,76","141","3","2019-04-08 17:33:13"
"290920447-2","Plymouth","230","3XL","5100130303699865","€7,67","122","2","2019-04-16 17:17:05"
"880069333-4","Ford","898","XS","30306856607333","€19,70","61","1","2019-04-28 18:18:42"
"059868265-1","Maserati","557","XS","3533615694253688","€51,07","71","1","2019-04-26 03:40:12"
"905684381-8","Toyota","605","2XL","201414613074202","€12,20","72","3","2019-04-05 04:27:42"
"448154270-5","Volkswagen","33","2XL","3540754498889255","€13,13","112","2","2019-04-22 08:20:00"
"321737778-8","Nissan","942","2XL","3577928902095750","€78,81","59","2","2019-04-10 19:10:28"
"020375374-7","Ford","560","2XL","502024646821932982","€41,92","105","2","2019-04-19 16:21:14"
"749527292-9","Ford","927","XL","58934725997307047","€99,03","124","1","2019-04-21 20:29:01"